link,status
https://www.avito.ru/kaliningrad/avtomobili/geely_coolray_1.5_amt_2020_97_540_km_7369357145,done
https://www.avito.ru/groznyy/avtomobili/geely_coolray_1.5_amt_2025_1_km_7325864476,done
https://www.avito.ru/sankt-peterburg_pushkin/avtomobili/geely_coolray_1.5_amt_2021_98_000_km_7292042203,done
https://www.avito.ru/samara/avtomobili/geely_coolray_1.5_amt_2021_52_444_km_7313321129,err
https://www.avito.ru/cheboksary/avtomobili/geely_coolray_1.5_amt_2024_650_km_7202955474,err
https://www.avito.ru/naberezhnye_chelny/avtomobili/geely_coolray_1.5_amt_2024_10_km_7355634301,err
https://www.avito.ru/afonino/avtomobili/geely_coolray_1.5_amt_2021_69_190_km_7385461598,err
https://www.avito.ru/moskva/avtomobili/geely_coolray_1.5_amt_2025_40_km_7366092898,done
https://www.avito.ru/moskva/avtomobili/geely_coolray_1.5_amt_2021_31_000_km_7372137981,done
https://www.avito.ru/amurskaya_oblast_blagoveschensk/avtomobili/geely_coolray_1.5_amt_2022_40_000_km_7331392200,err
https://www.avito.ru/kirovskaya_oblast_kirov/avtomobili/geely_coolray_1.5_amt_2025_9_km_7305694904,err
https://www.avito.ru/mahachkala/avtomobili/geely_coolray_1.5_amt_2023_6_800_km_7323968629,err
https://www.avito.ru/nizhniy_novgorod/avtomobili/geely_coolray_1.5_amt_2024_25_km_7379609647,done
https://www.avito.ru/krasnodar/avtomobili/geely_coolray_1.5_amt_2023_15_000_km_7342154726,err
https://www.avito.ru/moskovskaya_oblast_chehov/avtomobili/geely_coolray_1.5_amt_2023_19_000_km_7334530193,done
https://www.avito.ru/kurgan/avtomobili/geely_coolray_1.5_amt_2021_33_000_km_7312731456,done
https://www.avito.ru/hasavyurt/avtomobili/geely_coolray_1.5_amt_2024_1_km_7282152768,done
https://www.avito.ru/moskva/avtomobili/geely_coolray_1.5_amt_2025_88_km_7348412108,done
https://www.avito.ru/aznakaevo/avtomobili/geely_coolray_1.5_amt_2024_41_000_km_7374774652,done
https://www.avito.ru/sankt-peterburg/avtomobili/geely_coolray_1.5_amt_2023_21_700_km_4441067821,done
https://www.avito.ru/surgut/avtomobili/haval_jolion_1.5_amt_2024_11_km_7340617739,done
https://www.avito.ru/krasnodar/avtomobili/haval_jolion_1.5_amt_2025_7354212468,done
https://www.avito.ru/samara/avtomobili/haval_jolion_1.5_amt_2023_46_000_km_7284067803,done
https://www.avito.ru/krasnodar/avtomobili/haval_jolion_1.5_amt_2025_7355757606,err
https://www.avito.ru/groznyy/avtomobili/haval_jolion_1.5_amt_2021_139_000_km_7354551452,err
https://www.avito.ru/moskva/avtomobili/haval_jolion_1.5_amt_2025_7327099943,done
https://www.avito.ru/gubkin/avtomobili/haval_jolion_1.5_amt_2024_bityy_5_500_km_7280220447,err
https://www.avito.ru/ulyanovsk/avtomobili/haval_jolion_1.5_amt_2025_4760331832,err
https://www.avito.ru/moskva/avtomobili/haval_jolion_1.5_mt_2022_41_000_km_4583377859,done
https://www.avito.ru/sankt-peterburg/avtomobili/haval_jolion_1.5_amt_2025_7354861499,err
https://www.avito.ru/sankt-peterburg/avtomobili/haval_jolion_1.5_amt_2025_7344149993,err
https://www.avito.ru/sankt-peterburg/avtomobili/haval_jolion_1.5_amt_2024_4778436096,err
https://www.avito.ru/rostov-na-donu/avtomobili/haval_jolion_1.5_amt_2025_3931721604,done
https://www.avito.ru/saratov/avtomobili/haval_jolion_1.5_amt_2025_7249132529,done
https://www.avito.ru/moskva/avtomobili/haval_jolion_1.5_amt_2021_87_410_km_7328092787,done
https://www.avito.ru/tolyatti/avtomobili/haval_jolion_1.5_amt_2025_7234424483,err
https://www.avito.ru/sankt-peterburg/avtomobili/haval_jolion_1.5_mt_2025_4938059393,done
https://www.avito.ru/kommunarka/avtomobili/haval_jolion_1.5_amt_2025_7366237392,done
https://www.avito.ru/sankt-peterburg/avtomobili/haval_jolion_1.5_amt_2024_4777737437,err
https://www.avito.ru/pushkino/avtomobili/haval_jolion_1.5_amt_2021_93_000_km_2750111139,done
https://www.avito.ru/ufa/avtomobili/dongfeng_captain_t_2.2_mt_2023_39_458_km_4940267630,done
https://www.avito.ru/bronnitsy/avtomobili/changan_hunter_plus_2.0_mt_2022_10_000_km_4699191324,err
https://www.avito.ru/moskva/avtomobili/jac_t8_2.0_mt_2023_22_000_km_7224451168,done
https://www.avito.ru/ufa/avtomobili/jac_n35_2.5_mt_2023_4_063_km_4826369408,err
https://www.avito.ru/nizhniy_novgorod/avtomobili/jac_t8_2.0_mt_2024_7340459804,done
https://www.avito.ru/moskva/avtomobili/changan_star_truck_plus_1.6_mt_2023_17_km_7361341212,done
https://www.avito.ru/moskva/avtomobili/changan_star_truck_plus_1.6_mt_2023_17_km_7361617253,done
https://www.avito.ru/kazan/avtomobili/changan_lantuozhe_2.0_mt_2022_100_km_7368685981,err
https://www.avito.ru/ussuriysk/avtomobili/great_wall_wingle_7_2.0_mt_2022_40_875_km_7271676247,done
https://www.avito.ru/himki/avtomobili/changan_star_truck_plus_1.6_mt_2023_12_km_4788417375,done
https://www.avito.ru/nizhniy_novgorod/avtomobili/changan_hunter_plus_2.0_at_2024_4413017798,done
https://www.avito.ru/nizhniy_novgorod/avtomobili/changan_hunter_plus_2.0_at_2024_4747570089,done
https://www.avito.ru/nizhniy_novgorod/avtomobili/changan_hunter_plus_2.0_at_2024_4447523990,done
https://www.avito.ru/penza/avtomobili/dongfeng_df6_2.5_mt_2022_15_000_km_4563474694,done
https://www.avito.ru/himki/avtomobili/changan_star_truck_plus_1.6_mt_2023_12_km_4788240653,done
https://www.avito.ru/nizhniy_novgorod/avtomobili/jac_t8_2.0_mt_2024_3741436523,err
https://www.avito.ru/afonino/avtomobili/jac_t8_2.0_mt_2024_7311162520,done
https://www.avito.ru/vidnoe/avtomobili/dongfeng_df6_2.5_mt_2022_46_776_km_3999140503,done
https://www.avito.ru/moskva/avtomobili/changan_star_five_1.2_mt_2023_17_km_7361202169,done
https://www.avito.ru/moskva/avtomobili/jac_t8_2.0_mt_2024_4391845149,done
https://www.avito.ru/sankt-peterburg/avtomobili/foton_toano_2.8_mt_2024_5153973429,done
https://www.avito.ru/lyubertsy/avtomobili/foton_toano_2.8_mt_2024_7309325461,done
https://www.avito.ru/nizhniy_novgorod/avtomobili/foton_toano_2.8_mt_2024_4787968675,done
https://www.avito.ru/moskva/avtomobili/foton_toano_2.8_mt_2024_4566023696,err
https://www.avito.ru/sankt-peterburg/avtomobili/foton_toano_2.8_mt_2024_7295285379,done
https://www.avito.ru/izhevsk/avtomobili/foton_toano_2.8_mt_2024_4543437067,done
https://www.avito.ru/tula/gruzoviki_i_spetstehnika/foton_toano_tselnometallicheskiy_2024_4512346687,done
https://www.avito.ru/tula/gruzoviki_i_spetstehnika/foton_toano_tselnometallicheskiy_2024_4447570224,done
https://www.avito.ru/lyubertsy/avtomobili/foton_toano_2.8_mt_2024_7341399608,done
https://www.avito.ru/sankt-peterburg/avtomobili/foton_toano_2.8_mt_2024_7233687434,done
https://www.avito.ru/moskva/avtomobili/foton_toano_2.8_mt_2024_7285190173,err
https://www.avito.ru/moskva/avtomobili/foton_toano_2.8_mt_2024_4597546110,err
https://www.avito.ru/lyubertsy/avtomobili/foton_toano_2.8_mt_2024_7245850497,done
https://www.avito.ru/tambov/avtomobili/foton_toano_2.8_mt_2024_4456748866,done
https://www.avito.ru/sankt-peterburg/avtomobili/foton_toano_2.8_mt_2023_10_km_4700851749,err
https://www.avito.ru/moskva/avtomobili/foton_toano_2.8_mt_2024_7248550238,err
https://www.avito.ru/kaliningrad/avtomobili/foton_toano_2.8_mt_2024_500_km_4635106928,done
https://www.avito.ru/moskva/avtomobili/foton_toano_2.8_mt_2024_4598011675,err
https://www.avito.ru/tambov/avtomobili/foton_toano_2.8_mt_2024_7240665600,done
https://www.avito.ru/tambov/avtomobili/foton_toano_2.8_mt_2024_4456711168,done
https://www.avito.ru/kazan/avtomobili/jac_n35_2.0_mt_2024_110_000_km_7220695615,done
https://www.avito.ru/voronezh/avtomobili/jac_n35_2.5_mt_2024_1_100_km_4149757513,done
https://www.avito.ru/voronezh/avtomobili/jac_n35_2.5_mt_2024_1_100_km_4293020926,done
https://www.avito.ru/kaliningrad/avtomobili/chery_arrizo_8_1.6_amt_2024_7271471416,done
https://www.avito.ru/kaliningrad/avtomobili/chery_arrizo_8_1.6_amt_2024_7272007818,done
https://www.avito.ru/kaliningrad/avtomobili/chery_arrizo_8_1.6_amt_2024_7335487249,done
https://www.avito.ru/pavlovskaya_sloboda/avtomobili/changan_star_five_1.2_mt_2023_9_550_km_4465221607,done
https://www.avito.ru/chishmy/avtomobili/great_wall_wingle_7_2.0_mt_2022_1_000_km_3080462206,err
https://www.avito.ru/rostov-na-donu/avtomobili/jac_t8_2.0_mt_2023_28_000_km_4602376633,err
https://www.avito.ru/nizhniy_novgorod/avtomobili/changan_star_five_1.2_mt_2023_4692151902,done
https://www.avito.ru/nizhniy_novgorod/avtomobili/great_wall_poer_king_kong_2.0_mt_2023_43_000_km_7387709893,done
https://www.avito.ru/nizhniy_novgorod/avtomobili/jac_t8_2.0_mt_2023_4245926331,done
https://www.avito.ru/ryazan/avtomobili/jac_t8_2.0_mt_2023_4484771463,done
https://www.avito.ru/kazan/avtomobili/ambertrak_work_2.5_mt_2023_10_km_7266483194,done
https://www.avito.ru/vladivostok/avtomobili/daihatsu_atrai_0.7_cvt_2022_14_000_km_7286008885,err
https://www.avito.ru/pushkino/avtomobili/great_wall_poer_king_kong_2.0_mt_2023_40_000_km_7217256531,err
https://www.avito.ru/ufa/avtomobili/great_wall_poer_2.0_at_2022_72_660_km_4673165635,done
https://www.avito.ru/moskva/avtomobili/jac_t6_2.0_mt_2023_47_359_km_7205163278,err
https://www.avito.ru/yuzhno-sahalinsk/avtomobili/great_wall_poer_king_kong_2.0_at_2023_40_000_km_4574811131,done
https://www.avito.ru/krasnodar/avtomobili/kyc_t3_1.2_mt_2022_2_350_km_4622934557,done
https://www.avito.ru/bronnitsy/avtomobili/chery_tiggo_7_pro_1.5_cvt_2020_bityy_67_723_km_3645528336,done
https://www.avito.ru/cheboksary/avtomobili/chery_tiggo_7_pro_max_1.5_cvt_2023_28_522_km_7370608319,done
https://www.avito.ru/ramenskoe/avtomobili/chery_tiggo_7_pro_max_1.6_amt_2023_27_221_km_7374804806,done
https://www.avito.ru/novoe_devyatkino/avtomobili/chery_tiggo_7_pro_max_1.6_amt_2025_7363968313,err
https://www.avito.ru/tver/avtomobili/chery_tiggo_7_pro_1.5_cvt_2021_45_953_km_7335081649,err
https://www.avito.ru/sankt-peterburg_peterhof/avtomobili/chery_tiggo_7_pro_max_1.5_cvt_2023_60_000_km_7350835353,done
https://www.avito.ru/ufa/avtomobili/chery_tiggo_7_pro_max_1.6_amt_2023_bityy_9_500_km_7337777340,done
https://www.avito.ru/rostovskaya_oblast_aksay/avtomobili/chery_tiggo_7_pro_1.5_cvt_2022_34_435_km_4603608629,err
https://www.avito.ru/cheboksary/avtomobili/chery_tiggo_7_pro_max_1.6_amt_2024_7_500_km_7318988734,err
https://www.avito.ru/pyatigorsk/avtomobili/chery_tiggo_7_pro_max_1.6_amt_2025_7_km_7312068957,done
https://www.avito.ru/sankt-peterburg/avtomobili/chery_tiggo_7_pro_max_1.6_amt_2025_7363294150,err
https://www.avito.ru/moskva/avtomobili/chery_tiggo_7_pro_1.5_cvt_2021_bityy_41_307_km_4425166004,err
https://www.avito.ru/sankt-peterburg/avtomobili/chery_tiggo_7_pro_max_1.6_amt_2025_7363712266,err
https://www.avito.ru/balashiha/avtomobili/chery_tiggo_7_pro_max_1.6_amt_2024_15_000_km_7369587706,done
https://www.avito.ru/dinskaya/avtomobili/chery_tiggo_7_pro_max_1.5_cvt_2023_5_000_km_7270495845,err
https://www.avito.ru/morozova/avtomobili/chery_tiggo_7_pro_max_1.6_amt_2025_7363430527,err
https://www.avito.ru/irkutsk/avtomobili/chery_tiggo_7_pro_1.5_cvt_2020_62_200_km_7264520728,err
https://www.avito.ru/sankt-peterburg/avtomobili/chery_tiggo_7_pro_max_1.6_amt_2025_7363429144,err
https://www.avito.ru/sankt-peterburg/avtomobili/chery_tiggo_7_pro_max_1.6_amt_2025_7363714058,err
https://www.avito.ru/leningradskaya_oblast_kommunar/avtomobili/chery_tiggo_7_pro_max_1.6_amt_2025_7363350683,err
https://www.avito.ru/krasnodar/avtomobili/chery_tiggo_8_pro_max_1.6_amt_2024_7321779175,err
https://www.avito.ru/abinsk/avtomobili/chery_tiggo_8_pro_1.6_amt_2021_51_000_km_7334957247,err
https://www.avito.ru/prohladnyy/avtomobili/chery_tiggo_8_pro_1.6_amt_2021_80_000_km_3032008316,err
https://www.avito.ru/krasnodar/avtomobili/chery_tiggo_8_pro_1.6_amt_2022_109_000_km_4819691318,err
https://www.avito.ru/sankt-peterburg/avtomobili/chery_tiggo_8_pro_1.6_amt_2022_44_000_km_7353724103,done
https://www.avito.ru/lagolovo/avtomobili/chery_tiggo_8_pro_max_1.6_amt_2024_7363540828,err
https://www.avito.ru/vladivostok/avtomobili/chery_tiggo_8_pro_1.6_amt_2022_22_000_km_7302251502,done
https://www.avito.ru/irkutsk/avtomobili/chery_tiggo_8_pro_1.6_amt_2022_17_000_km_4610573339,err
https://www.avito.ru/smolensk/avtomobili/chery_tiggo_8_pro_1.6_amt_2022_40_000_km_7363972127,done
https://www.avito.ru/sankt-peterburg/avtomobili/chery_tiggo_8_pro_max_1.6_amt_2024_7363315552,err
https://www.avito.ru/razvilka/avtomobili/chery_tiggo_8_pro_e_1.5_at_2022_3_950_km_7218860430,done
https://www.avito.ru/zlatoust/avtomobili/chery_tiggo_8_pro_max_2.0_amt_2023_29_700_km_4600480232,done
https://www.avito.ru/velikie_luki/avtomobili/chery_tiggo_8_pro_1.6_amt_2021_136_000_km_4581321665,err
https://www.avito.ru/moskva/avtomobili/chery_tiggo_8_pro_1.6_amt_2021_42_000_km_7250627038,done
https://www.avito.ru/tyumen/avtomobili/chery_tiggo_8_pro_1.6_amt_2022_50_000_km_7278949087,err
https://www.avito.ru/elektrostal/avtomobili/chery_tiggo_8_pro_max_2.0_amt_2023_18_000_km_4468880806,done
https://www.avito.ru/yoshkar-ola/avtomobili/chery_tiggo_8_pro_1.6_amt_2021_119_000_km_7284988330,done
https://www.avito.ru/chelyabinsk/avtomobili/chery_tiggo_8_pro_max_2.0_amt_2023_20_251_km_7331906013,err
https://www.avito.ru/moskva/avtomobili/chery_tiggo_8_pro_1.6_amt_2022_33_000_km_4335589122,err
https://www.avito.ru/saratov/avtomobili/chery_tiggo_8_pro_1.6_amt_2021_57_500_km_3581507236,done
https://www.avito.ru/krasnodar/avtomobili/omoda_c5_1.5_cvt_2024_7322930777,err
https://www.avito.ru/ufa/avtomobili/omoda_c5_1.5_cvt_2023_44_600_km_7307294488,done
https://www.avito.ru/sankt-peterburg/avtomobili/omoda_c5_1.5_cvt_2024_7370428300,err
https://www.avito.ru/volgograd/avtomobili/omoda_c5_1.6_amt_2024_4_000_km_7334185711,err
https://www.avito.ru/sankt-peterburg/avtomobili/omoda_c5_1.5_cvt_2024_7345969498,err
https://www.avito.ru/sankt-peterburg/avtomobili/omoda_c5_1.5_cvt_2024_4386701929,done
https://www.avito.ru/magnitogorsk/avtomobili/omoda_c5_1.5_cvt_2025_7300104515,err
https://www.avito.ru/sankt-peterburg/avtomobili/omoda_c5_1.5_cvt_2024_4578703600,done
https://www.avito.ru/krasnodar/avtomobili/omoda_c5_1.5_cvt_2023_11_400_km_7304914647,done
https://www.avito.ru/nizhniy_novgorod/avtomobili/omoda_c5_1.5_cvt_2024_5025626035,err
https://www.avito.ru/rostov-na-donu/avtomobili/omoda_c5_1.5_cvt_2023_13_100_km_7308705620,done
https://www.avito.ru/reutov/avtomobili/omoda_c5_1.5_cvt_2022_65_000_km_7343245723,done
https://www.avito.ru/samarskaya_oblast_krasnyy_yar/avtomobili/omoda_c5_1.5_cvt_2022_27_000_km_7379902184,done
https://www.avito.ru/sankt-peterburg/avtomobili/omoda_c5_1.5_cvt_2024_4945570357,err
https://www.avito.ru/sankt-peterburg/avtomobili/omoda_c5_1.6_amt_2024_7370672009,err
https://www.avito.ru/moskva/avtomobili/omoda_c5_1.5_cvt_2023_bityy_31_200_km_7333439102,done
https://www.avito.ru/sankt-peterburg/avtomobili/omoda_c5_1.5_cvt_2024_3790504316,done
https://www.avito.ru/moskva/avtomobili/omoda_c5_1.5_cvt_2022_59_500_km_4360314168,done
https://www.avito.ru/moskva/avtomobili/omoda_c5_1.5_cvt_2024_7382523232,done
https://www.avito.ru/rostov-na-donu/avtomobili/omoda_c5_1.5_cvt_2024_4522832079,done
https://www.avito.ru/sankt-peterburg/avtomobili/omoda_s5_1.5_cvt_2024_7361601280,err
https://www.avito.ru/sankt-peterburg/avtomobili/omoda_s5_1.5_cvt_2024_7362009122,err
https://www.avito.ru/krasnodar/avtomobili/omoda_s5_1.5_cvt_2024_7290260630,err
https://www.avito.ru/samara/avtomobili/omoda_s5_gt_1.5_cvt_2024_7343433142,done
https://www.avito.ru/sankt-peterburg/avtomobili/omoda_s5_1.5_cvt_2024_7361867868,done
https://www.avito.ru/sankt-peterburg/avtomobili/omoda_s5_1.5_cvt_2024_7361173204,err
https://www.avito.ru/sankt-peterburg/avtomobili/omoda_s5_1.5_cvt_2024_7361234786,err
https://www.avito.ru/sankt-peterburg/avtomobili/omoda_s5_1.5_cvt_2024_7361224886,err
https://www.avito.ru/ufa/avtomobili/omoda_s5_gt_1.5_cvt_2024_7374512044,done
https://www.avito.ru/sankt-peterburg/avtomobili/omoda_s5_1.5_cvt_2024_7361397579,err
https://www.avito.ru/sankt-peterburg/avtomobili/omoda_s5_1.5_cvt_2024_7361170471,err
https://www.avito.ru/sankt-peterburg/avtomobili/omoda_s5_1.5_cvt_2024_7361427744,err
https://www.avito.ru/kopeysk/avtomobili/omoda_s5_gt_1.6_amt_2024_7346105982,done
https://www.avito.ru/sankt-peterburg/avtomobili/omoda_s5_1.5_cvt_2024_7361019925,err
https://www.avito.ru/sankt-peterburg/avtomobili/omoda_s5_1.5_cvt_2024_7361222683,err
https://www.avito.ru/sankt-peterburg/avtomobili/omoda_s5_1.5_cvt_2024_7361163139,done
https://www.avito.ru/sankt-peterburg/avtomobili/omoda_s5_1.5_cvt_2024_7361444635,done
https://www.avito.ru/sankt-peterburg/avtomobili/omoda_s5_gt_1.5_cvt_2024_7377704420,done
https://www.avito.ru/sankt-peterburg/avtomobili/omoda_s5_1.5_cvt_2024_7361793068,err
https://www.avito.ru/sankt-peterburg/avtomobili/omoda_s5_1.5_cvt_2024_7361113486,err
https://www.avito.ru/sankt-peterburg/avtomobili/omoda_s5_gt_1.6_amt_2023_11_900_km_4728297669,done
https://www.avito.ru/sankt-peterburg/avtomobili/omoda_s5_1.5_cvt_2024_7361532166,err
https://www.avito.ru/sankt-peterburg/avtomobili/omoda_s5_1.5_cvt_2024_7361782539,err
https://www.avito.ru/sankt-peterburg/avtomobili/omoda_s5_1.5_cvt_2024_7361120228,err
https://www.avito.ru/sankt-peterburg/avtomobili/omoda_s5_1.5_cvt_2024_7361355464,err
https://www.avito.ru/sankt-peterburg/avtomobili/omoda_s5_1.5_cvt_2024_7361348140,err
https://www.avito.ru/sankt-peterburg/avtomobili/omoda_s5_1.5_cvt_2024_7361709256,done
https://www.avito.ru/sankt-peterburg/avtomobili/omoda_s5_1.5_cvt_2024_7361420239,err
https://www.avito.ru/kaliningrad/avtomobili/omoda_s5_gt_1.5_cvt_2024_3_500_km_7335173280,done
https://www.avito.ru/sankt-peterburg/avtomobili/omoda_s5_1.5_cvt_2024_7361046559,err
https://www.avito.ru/sankt-peterburg/avtomobili/omoda_s5_1.5_cvt_2024_7361489418,err
https://www.avito.ru/sankt-peterburg/avtomobili/omoda_s5_1.5_cvt_2024_7361257822,done
https://www.avito.ru/sankt-peterburg/avtomobili/omoda_s5_1.5_cvt_2024_7361486607,err
https://www.avito.ru/sankt-peterburg/avtomobili/omoda_s5_1.5_cvt_2024_7361390080,done
https://www.avito.ru/sankt-peterburg/avtomobili/omoda_s5_1.5_cvt_2024_7361755226,err
https://www.avito.ru/sankt-peterburg/avtomobili/omoda_s5_1.5_cvt_2024_7361987940,err
https://www.avito.ru/sankt-peterburg/avtomobili/omoda_s5_1.5_cvt_2024_7361167414,err
https://www.avito.ru/sankt-peterburg/avtomobili/omoda_s5_1.5_cvt_2024_7361961452,err
https://www.avito.ru/sankt-peterburg/avtomobili/omoda_s5_1.5_cvt_2024_7361312315,err
https://www.avito.ru/sankt-peterburg/avtomobili/omoda_s5_1.5_cvt_2024_7361694323,err
https://www.avito.ru/samara/avtomobili/omoda_c5_1.5_cvt_2024_28_000_km_4543233329,done
https://www.avito.ru/sankt-peterburg/avtomobili/omoda_c5_1.5_cvt_2024_7345430538,err
https://www.avito.ru/kopeysk/avtomobili/omoda_c5_1.5_cvt_2024_4563151546,done
https://www.avito.ru/sankt-peterburg/avtomobili/omoda_c5_1.5_cvt_2024_4578928596,done
https://www.avito.ru/volgograd/avtomobili/omoda_c5_1.5_cvt_2024_4495034433,err
https://www.avito.ru/pyatigorsk/avtomobili/omoda_c5_1.5_cvt_2024_4929752674,err
https://www.avito.ru/kazan/avtomobili/omoda_c5_1.5_cvt_2024_7285990944,done
https://www.avito.ru/armavir/avtomobili/omoda_c5_1.5_cvt_2024_7301642860,err
https://www.avito.ru/volgograd/avtomobili/omoda_c5_1.6_amt_2024_4527375063,err
https://www.avito.ru/moskva/avtomobili/omoda_c5_1.5_cvt_2022_40_000_km_7339800203,err
https://www.avito.ru/sankt-peterburg/avtomobili/omoda_c5_1.5_cvt_2024_7370529611,err
https://www.avito.ru/sankt-peterburg/avtomobili/omoda_c5_1.5_cvt_2024_4386573414,done
https://www.avito.ru/krasnodar/avtomobili/omoda_c5_1.5_cvt_2023_16_000_km_7339201965,done
https://www.avito.ru/moskva/avtomobili/omoda_c5_1.5_cvt_2024_7346219063,done
https://www.avito.ru/sankt-peterburg/avtomobili/omoda_c5_1.5_cvt_2024_4579169369,done
https://www.avito.ru/yantarnyy/avtomobili/omoda_c5_1.6_amt_2023_40_000_km_7267992378,done
https://www.avito.ru/nizhniy_novgorod/avtomobili/omoda_c5_1.5_cvt_2024_7264572531,done
https://www.avito.ru/armavir/avtomobili/omoda_c5_1.5_cvt_2024_4742372517,done
https://www.avito.ru/mytischi/avtomobili/omoda_c5_1.6_amt_2023_28_000_km_7361427420,done
https://www.avito.ru/izhevsk/avtomobili/omoda_c5_1.5_cvt_2023_36_000_km_7402698786,err
https://www.avito.ru/magnitogorsk/avtomobili/exeed_lx_1.5_cvt_2024_4708950223,done
https://www.avito.ru/kazan/avtomobili/exeed_lx_1.5_cvt_2022_25_170_km_4703738996,err
https://www.avito.ru/chelyabinsk/avtomobili/exeed_lx_1.5_cvt_2024_4567276605,err
https://www.avito.ru/voronezh/avtomobili/exeed_lx_1.5_cvt_2024_4609034890,err
https://www.avito.ru/krasnodar/avtomobili/exeed_lx_1.5_cvt_2023_51_753_km_7343698017,done
https://www.avito.ru/ramenskoe/avtomobili/exeed_lx_1.5_cvt_2022_bityy_25_415_km_4665826178,done
https://www.avito.ru/kola/avtomobili/exeed_lx_1.5_cvt_2023_78_055_km_4665023521,done
https://www.avito.ru/moskva/avtomobili/exeed_lx_1.5_cvt_2023_43_546_km_7373090521,done
https://www.avito.ru/sankt-peterburg/avtomobili/exeed_lx_1.6_amt_2024_4422096724,err
https://www.avito.ru/sevastopol/avtomobili/exeed_lx_1.5_cvt_2023_13_000_km_4624981083,err
https://www.avito.ru/moskva/avtomobili/exeed_lx_1.6_amt_2024_1_300_km_7348759482,err
https://www.avito.ru/chelyabinsk/avtomobili/exeed_lx_1.5_cvt_2024_4567075431,err
https://www.avito.ru/krasnodar/avtomobili/exeed_lx_1.6_amt_2023_27_000_km_7258039603,done
https://www.avito.ru/samara/avtomobili/exeed_lx_1.5_cvt_2023_15_900_km_4686908144,done
https://www.avito.ru/chelyabinsk/avtomobili/exeed_lx_1.6_amt_2024_4439292163,err
https://www.avito.ru/krasnodar/avtomobili/exeed_lx_1.5_cvt_2023_10_000_km_3976034028,done
https://www.avito.ru/krasnodar/avtomobili/exeed_lx_1.5_cvt_2024_5_700_km_7344955409,err
https://www.avito.ru/azov/avtomobili/exeed_lx_1.6_amt_2022_23_000_km_7261385436,err
https://www.avito.ru/magnitogorsk/avtomobili/exeed_lx_1.5_cvt_2024_4613318950,err
https://www.avito.ru/kineshma/avtomobili/exeed_lx_1.5_cvt_2023_37_000_km_7251336979,done
https://www.avito.ru/moskva/avtomobili/geely_atlas_2.0_at_2024_7365786684,done
https://www.avito.ru/moskva/avtomobili/geely_atlas_2.4_at_2018_114_911_km_7238323151,done
https://www.avito.ru/sankt-peterburg/avtomobili/geely_atlas_2.4_at_2018_89_677_km_7321177895,done
https://www.avito.ru/orenburg/avtomobili/geely_atlas_2.4_at_2019_105_300_km_2158970037,done
https://www.avito.ru/surgut/avtomobili/geely_atlas_1.8_at_2019_78_000_km_7326088099,err
https://www.avito.ru/lyubertsy/avtomobili/geely_atlas_2.0_at_2024_4690156870,done
https://www.avito.ru/belgorod/avtomobili/geely_atlas_1.8_at_2021_bityy_110_713_km_7305713016,done
https://www.avito.ru/sankt-peterburg/avtomobili/geely_atlas_2.0_amt_2024_4833724933,done
https://www.avito.ru/kopeysk/avtomobili/geely_atlas_2.4_at_2021_77_000_km_7321012692,err
https://www.avito.ru/moskva/avtomobili/geely_atlas_2.0_at_2024_7365311213,done
https://www.avito.ru/arzamas/avtomobili/geely_atlas_pro_1.5_at_2022_27_000_km_4536064114,done
https://www.avito.ru/ivanovo/avtomobili/geely_atlas_1.8_at_2020_59_440_km_7374378388,err
https://www.avito.ru/sankt-peterburg/avtomobili/geely_atlas_2.4_at_2021_55_000_km_4502140857,done
https://www.avito.ru/izhevsk/avtomobili/geely_atlas_2.4_at_2018_93_000_km_7354121965,err
https://www.avito.ru/sankt-peterburg/avtomobili/geely_atlas_2.0_at_2024_7383288062,err
https://www.avito.ru/rostov-na-donu/avtomobili/geely_atlas_pro_1.5_amt_2022_62_000_km_7278049864,done
https://www.avito.ru/moskva/avtomobili/geely_atlas_pro_1.5_at_2024_40_593_km_7339426555,err
https://www.avito.ru/rostov-na-donu/avtomobili/geely_atlas_2.4_at_2019_141_000_km_7357262887,err
https://www.avito.ru/mahachkala/avtomobili/geely_atlas_1.5_amt_2025_50_km_7326116967,err
https://www.avito.ru/sankt-peterburg/avtomobili/geely_atlas_2.0_at_2024_5153786339,done
https://www.avito.ru/naberezhnye_chelny/avtomobili/geely_monjaro_2.0_at_2023_bityy_32_000_km_7307872571,done
https://www.avito.ru/istra/avtomobili/geely_monjaro_2.0_at_2023_bityy_22_611_km_7217584320,err
https://www.avito.ru/mahachkala/avtomobili/geely_monjaro_2.0_at_2023_11_000_km_7373055957,done
https://www.avito.ru/sankt-peterburg/avtomobili/geely_monjaro_2.0_at_2024_7383762147,err
https://www.avito.ru/sankt-peterburg/avtomobili/geely_monjaro_2.0_at_2024_8_000_km_7342057079,err
https://www.avito.ru/saratov/avtomobili/geely_monjaro_2.0_at_2023_9_800_km_7356985581,done
https://www.avito.ru/moskva/avtomobili/geely_monjaro_2.0_at_2025_3_km_7310838088,done
https://www.avito.ru/moskva/avtomobili/geely_monjaro_2.0_at_2024_7328332638,done
https://www.avito.ru/sankt-peterburg/avtomobili/geely_monjaro_2.0_at_2023_31_100_km_4695907564,err
https://www.avito.ru/moskva/avtomobili/geely_monjaro_2.0_at_2025_39_km_7237555186,err
https://www.avito.ru/ufa/avtomobili/geely_monjaro_2.0_at_2023_48_000_km_7361812031,done
https://www.avito.ru/krasnodar/avtomobili/geely_monjaro_2.0_at_2025_1_km_7257387307,done
https://www.avito.ru/essentuki/avtomobili/geely_monjaro_2.0_at_2025_30_km_7348076829,done
https://www.avito.ru/moskva/avtomobili/geely_monjaro_2.0_at_2023_50_000_km_7314293511,err
https://www.avito.ru/omsk/avtomobili/geely_monjaro_2.0_amt_2021_18_000_km_7332466474,err
https://www.avito.ru/moskva/avtomobili/geely_monjaro_2.0_at_2024_7328768525,done
https://www.avito.ru/tyumen/avtomobili/geely_monjaro_2.0_at_2022_23_000_km_7298170508,done
https://www.avito.ru/sankt-peterburg/avtomobili/geely_monjaro_2.0_at_2024_7383498949,err
https://www.avito.ru/saratov/avtomobili/geely_monjaro_2.0_at_2024_4576910643,err
https://www.avito.ru/sankt-peterburg/avtomobili/geely_monjaro_2.0_at_2023_45_000_km_7369674885,done
https://www.avito.ru/moskva/avtomobili/voyah_dream_1.5_at_2024_4254126413,err
https://www.avito.ru/novorossiysk/avtomobili/voyah_dream_1.5_at_2023_10_000_km_3958870143,err
https://www.avito.ru/moskva/avtomobili/voyah_dream_1.5_at_2025_30_km_7337146089,err
https://www.avito.ru/chelyabinsk/avtomobili/voyah_dream_1.5_at_2023_33_422_km_7363024834,done
https://www.avito.ru/moskva/avtomobili/voyah_dream_1.5_at_2025_7325335766,err
https://www.avito.ru/krasnodar/avtomobili/voyah_dream_1.5_at_2023_13_340_km_7336062163,done
https://www.avito.ru/moskva/avtomobili/voyah_dream_1.5_at_2025_4702292129,err
https://www.avito.ru/moskva/avtomobili/voyah_dream_1.5_at_2024_4285685485,err
https://www.avito.ru/moskva/avtomobili/voyah_dream_1.5_at_2024_7293870695,done
https://www.avito.ru/moskva/avtomobili/voyah_dream_1.5_at_2024_4253722612,err
https://www.avito.ru/omsk/avtomobili/voyah_dream_1.5_at_2023_23_000_km_7349907279,err
https://www.avito.ru/nizhniy_novgorod/avtomobili/voyah_dream_1.5_at_2023_7_192_km_4761513905,err
https://www.avito.ru/moskva/avtomobili/voyah_dream_1.5_at_2024_7293181310,err
https://www.avito.ru/nizhniy_novgorod/avtomobili/voyah_dream_1.5_at_2025_7370939475,err
https://www.avito.ru/moskva/avtomobili/voyah_dream_1.5_at_2024_7293509732,err
https://www.avito.ru/moskva/avtomobili/voyah_dream_1.5_at_2025_7325505381,err
https://www.avito.ru/moskva/avtomobili/voyah_dream_1.5_at_2024_4622290638,err
https://www.avito.ru/moskva/avtomobili/voyah_dream_1.5_at_2023_19_696_km_4535446592,err
https://www.avito.ru/moskva/avtomobili/voyah_dream_1.5_at_2024_4638109533,err
https://www.avito.ru/krasnodar/avtomobili/voyah_dream_1.5_at_2023_55_412_km_7361501322,done
https://www.avito.ru/krasnodar/avtomobili/gac_m8_2.0_at_2024_50_km_7290350629,done
https://www.avito.ru/moskva/avtomobili/gac_m8_2.0_at_2024_12_km_7335310821,err
https://www.avito.ru/krasnodar/avtomobili/gac_m8_2.0_at_2023_18_560_km_7349968070,err
https://www.avito.ru/mytischi/avtomobili/gac_m8_2.0_at_2023_3998069570,done
https://www.avito.ru/kizilyurt/avtomobili/gac_m8_2.0_at_2023_29_000_km_4874075045,done
https://www.avito.ru/bryansk/avtomobili/gac_m8_2.0_at_2024_10_000_km_4253464107,done
https://www.avito.ru/krasnodar/avtomobili/gac_m8_2.0_at_2023_208_km_7246191359,err
https://www.avito.ru/novosibirsk/avtomobili/gac_m8_2.0_at_2024_20_km_4750110397,err
https://www.avito.ru/tyumen/avtomobili/gac_m8_2.0_at_2024_1_945_km_7281500817,err
https://www.avito.ru/kazan/avtomobili/gac_m8_2.0_at_2024_24_000_km_7316378024,done
https://www.avito.ru/novosibirsk/avtomobili/gac_m8_2.0_at_2023_30_000_km_4761684283,err
https://www.avito.ru/krasnodar/avtomobili/gac_m8_2.0_at_2024_7373637092,done
https://www.avito.ru/sarapul/avtomobili/gac_m8_2.0_at_2024_7336044195,err
https://www.avito.ru/rostov-na-donu/avtomobili/gac_m8_2.0_at_2024_7207310909,err
https://www.avito.ru/novosibirsk/avtomobili/gac_m8_2.0_at_2023_58_446_km_7360776713,done
https://www.avito.ru/sankt-peterburg/avtomobili/gac_gs8_2.0_at_2024_7379400061,done
https://www.avito.ru/krasnodar/avtomobili/gac_m8_2.0_at_2023_50_000_km_4630704524,err
https://www.avito.ru/sankt-peterburg/avtomobili/gac_gs8_2.0_at_2024_7379892701,done
https://www.avito.ru/omsk/avtomobili/gac_m8_2.0_at_2023_38_000_km_7343762069,done
https://www.avito.ru/ekaterinburg/avtomobili/gac_m8_2.0_at_2024_18_500_km_7341226521,err
https://www.avito.ru/moskva/avtomobili/hongqi_hq9_2.0_at_2022_7309724008,done
https://www.avito.ru/moskva/avtomobili/hongqi_hq9_2.0_at_2022_7309795997,done
https://www.avito.ru/sankt-peterburg/avtomobili/hongqi_hq9_2.0_at_2023_4551422021,done
https://www.avito.ru/almetevsk/avtomobili/hongqi_hq9_2.0_at_2022_3_500_km_4837535193,err
https://www.avito.ru/novoivanovskoe/avtomobili/hongqi_hq9_2.0_at_2023_25_000_km_7291330502,err
https://www.avito.ru/sankt-peterburg/avtomobili/hongqi_hq9_2.0_at_2023_4551319362,done
https://www.avito.ru/elektrostal/avtomobili/hongqi_hq9_2.0_at_2022_36_500_km_4177080747,done
https://www.avito.ru/zarechye/avtomobili/hongqi_hq9_2.0_at_2022_3535472869,done
https://www.avito.ru/moskva/avtomobili/hongqi_hq9_2.0_at_2022_11_253_km_7329970166,err
https://www.avito.ru/samara/avtomobili/hongqi_hq9_2.0_at_2022_3952226275,err
https://www.avito.ru/zarechye/avtomobili/hongqi_hq9_2.0_at_2022_20_261_km_3958471543,err
https://www.avito.ru/moskva/avtomobili/hongqi_hq9_2.0_at_2022_12_300_km_4870056187,err
https://www.avito.ru/velikiy_novgorod/avtomobili/hongqi_hq9_2.0_at_2022_9_000_km_4819316504,done
https://www.avito.ru/sankt-peterburg/avtomobili/hongqi_hq9_2.0_at_2022_7_800_km_7269293519,done
https://www.avito.ru/vladivostok/avtomobili/hongqi_hq9_2.0_at_2023_21_000_km_4653922617,err
https://www.avito.ru/vladivostok/avtomobili/hongqi_hq9_2.0_at_2023_19_000_km_7285902793,done
https://www.avito.ru/moskva/avtomobili/hongqi_hq9_2.0_at_2022_3_123_km_4406312316,err
https://www.avito.ru/moskva/avtomobili/hongqi_hq9_2.0_at_2022_7_586_km_7344807057,done
https://www.avito.ru/vladivostok/avtomobili/hongqi_hq9_2.0_at_2023_5_000_km_4704160228,err
https://www.avito.ru/vladivostok/avtomobili/hongqi_hq9_2.0_at_2023_20_000_km_4704133959,err
https://www.avito.ru/mytischi/avtomobili/ford_transit_2.2_mt_2022_5_000_km_3907569254,err
https://www.avito.ru/nizhniy_novgorod/avtomobili/man_tge_2.0_mt_2024_4405566692,err
https://www.avito.ru/kozmodemyansk/avtomobili/ldv_maxus_2.5_mt_2009_220_000_km_4592337512,done
https://www.avito.ru/samara/avtomobili/citroen_jumpy_1.6_mt_2014_359_428_km_7279633089,err
https://www.avito.ru/nizhniy_novgorod/avtomobili/volkswagen_crafter_2.0_at_2024_4458997240,err
https://www.avito.ru/kazan/avtomobili/gaz_sobol_2752_2.7_mt_2025_4565563997,done
https://www.avito.ru/kazan/avtomobili/gaz_sobol_2752_2.7_mt_2025_4566182818,err
https://www.avito.ru/izhevsk/avtomobili/gaz_sobol_2752_2.7_mt_2025_7305531689,err
https://www.avito.ru/nizhniy_novgorod/avtomobili/volkswagen_caravelle_2.0_mt_2024_4427164108,err
https://www.avito.ru/nizhniy_novgorod/avtomobili/volkswagen_crafter_2.0_at_2024_4459475779,err
https://www.avito.ru/kazan/avtomobili/gaz_gazel_3221_2.9_mt_2025_4566419411,err
https://www.avito.ru/nizhniy_novgorod/avtomobili/volkswagen_caravelle_2.0_amt_2024_7242166603,
https://www.avito.ru/nizhniy_novgorod/avtomobili/volkswagen_crafter_2.0_at_2024_4458846426,
https://www.avito.ru/nizhniy_novgorod/avtomobili/gaz_sobol_2752_2.7_mt_2025_3153427352,
https://www.avito.ru/izhevsk/avtomobili/gaz_sobol_2752_2.7_mt_2025_7305591004,
https://www.avito.ru/kazan/avtomobili/renault_trafic_2.0_mt_2006_125_000_km_7223828600,
https://www.avito.ru/vladimir/avtomobili/citroen_jumpy_1.6_mt_2015_123_456_km_4168252877,
https://www.avito.ru/nizhniy_novgorod/avtomobili/gaz_sobol_2752_2.9_mt_2025_7314191735,
https://www.avito.ru/izhevsk/avtomobili/gaz_sobol_2752_2.7_mt_2025_4873459705,
https://www.avito.ru/ufa/avtomobili/gaz_sobol_2752_2.7_mt_2024_765_km_4396753148,
https://www.avito.ru/surgut/avtomobili/vaz_lada_vesta_1.6_mt_2024_4172996527,
https://www.avito.ru/surgut/avtomobili/vaz_lada_granta_1.6_mt_2024_4172938527,
https://www.avito.ru/cheboksary/avtomobili/land_rover_range_rover_velar_2.0_at_2018_206_000_km_4753823343,
https://www.avito.ru/ekaterinburg/avtomobili/changan_new_star_truck_1.2_mt_2024_3949266484,
https://www.avito.ru/sankt-peterburg/avtomobili/skoda_octavia_1.8_mt_2013_201_000_km_7218286226,
https://www.avito.ru/perm/avtomobili/haval_f7_2.0_amt_2025_7335021746,
https://www.avito.ru/nizhniy_novgorod/avtomobili/kia_rio_1.4_at_2011_147_500_km_7377105962,
https://www.avito.ru/perm/avtomobili/lifan_smily_320_1.3_mt_2011_177_000_km_7361254732,
https://www.avito.ru/moskva/avtomobili/skoda_octavia_1.6_at_2021_71_200_km_7324265375,
https://www.avito.ru/kemerovo/avtomobili/peugeot_expert_1.6_mt_2014_153_400_km_4613563077,
https://www.avito.ru/tlyustenhabl/avtomobili/kia_venga_1.6_at_2011_181_000_km_7204304497,
https://www.avito.ru/samara/avtomobili/vaz_lada_kalina_1.6_mt_2005_170_000_km_7285585007,
https://www.avito.ru/voronezh/avtomobili/haval_jolion_1.5_amt_2025_7216769771,
https://www.avito.ru/yaroslavl/avtomobili/toyota_rav4_2.0_mt_2013_197_205_km_7362386898,
https://www.avito.ru/levokumka/avtomobili/vaz_lada_vesta_1.6_mt_2018_102_000_km_7297075108,
https://www.avito.ru/mahachkala/avtomobili/hyundai_elantra_1.5_cvt_2024_1_400_km_4856374720,
https://www.avito.ru/yaroslavl/avtomobili/chevrolet_cruze_1.8_at_2012_178_000_km_7346188263,
https://www.avito.ru/stavropol/avtomobili/volkswagen_touran_1.4_amt_2017_181_000_km_4577220546,
https://www.avito.ru/meleuz/avtomobili/vaz_lada_priora_1.6_mt_2008_182_000_km_7360785284,
https://www.avito.ru/moskva/avtomobili/mercedes-benz_g-klass_amg_4.0_at_2024_9_000_km_7330730142,
https://www.avito.ru/kazan/gruzoviki_i_spetstehnika/avtobetononasos_sany_syg5261thb_370c-10_2025_3866009034,
https://www.avito.ru/kazan/gruzoviki_i_spetstehnika/avtobetononasos_sany_syg5445thbes_560c-10_2025_3801618967,
https://www.avito.ru/perm/gruzoviki_i_spetstehnika/man_tga_18.412_2001_7385424025,
https://www.avito.ru/cheboksary/gruzoviki_i_spetstehnika/kolesnyy_buldozer_kirovets_k-703ma-dm15_2022_4271308365,
https://www.avito.ru/pilna/gruzoviki_i_spetstehnika/seyalka_elvorti_chervona_zirka_astra_sz-3.6_1996_7369502440,
https://www.avito.ru/novosibirsk/gruzoviki_i_spetstehnika/traktor_mtz_belarus_belarus-1523_2024_4681981595,
https://www.avito.ru/barnaul/gruzoviki_i_spetstehnika/traktor_mtz_belarus_1221.3_2024_4681491299,
https://www.avito.ru/yakshur-bodya/gruzoviki_i_spetstehnika/traktor_mtz_belarus_922.3_2013_7291997299,
https://www.avito.ru/podolsk/gruzoviki_i_spetstehnika/bortovoy_gruzovik_gaz_gazon_next_2023_7382386055,
https://www.avito.ru/ekaterinburg/gruzoviki_i_spetstehnika/scania_r164_2012_4526269090,
https://www.avito.ru/tula/gruzoviki_i_spetstehnika/traktor_mtz_belarus_82.1_2024_7209435730,
https://www.avito.ru/krasnoyarsk/gruzoviki_i_spetstehnika/frontalnyy_pogruzchik_sinomach_937h_2024_4363561068,
https://www.avito.ru/mglin/gruzoviki_i_spetstehnika/traktor_mtz_belarus_82_1988_4471016547,
https://www.avito.ru/emmauss/gruzoviki_i_spetstehnika/plug_86_mehanicheskiy_zavod_psk-5_1991_4278108791,
https://www.avito.ru/krasnodar/gruzoviki_i_spetstehnika/tent_ot_gazeli_nekst_7373775107,
https://www.avito.ru/miass/gruzoviki_i_spetstehnika/samosval_ural_55571_2010_7387624710,
https://www.avito.ru/himki/gruzoviki_i_spetstehnika/polupritsep_shtornyy_koluman_s_2024_7354843683,
https://www.avito.ru/ipatovo/gruzoviki_i_spetstehnika/kombayn_niva-selhoztehnika_ska-5_1991_4327033515,
https://www.avito.ru/stavropol/gruzoviki_i_spetstehnika/samosval_6_m_kamaz_55111_1989_7361011031,
https://www.avito.ru/ulan-ude/gruzoviki_i_spetstehnika/mazda_bongo_brawny_tselnometallicheskiy_2012_7385190771,
https://www.avito.ru/irkutsk/gruzoviki_i_spetstehnika/frontalnyy_pogruzchik_sinomach_937h_2024_4364030292,
https://www.avito.ru/krasnodar/gruzoviki_i_spetstehnika/traktor_tzr_te-354_2024_4437074088,
https://www.avito.ru/vladivostok/gruzoviki_i_spetstehnika/mini-pogruzchik_sunward_swtl4528_2024_3949728525,
https://www.avito.ru/elektrostal/gruzoviki_i_spetstehnika/multilift_faw_8x4_velmash_vk_t26_palfinger_4116522275,
https://www.avito.ru/cheboksary/gruzoviki_i_spetstehnika/mini-traktor_tzr_t-25_2024_4436610777,
https://www.avito.ru/sterlitamak/gruzoviki_i_spetstehnika/otval_na_mtz.yumz_4591590729,
https://www.avito.ru/moskva/gruzoviki_i_spetstehnika/mini-ekskavator_bobcat_e20_2022_7335882813,
https://www.avito.ru/krasnodar/gruzoviki_i_spetstehnika/avtovyshka_isuzu_maxxpower_mx28s_le_7368674276,
https://www.avito.ru/ryazan/gruzoviki_i_spetstehnika/vibroplita_dlya_ekskavatora_4395293490,
https://www.avito.ru/slobodskoy/gruzoviki_i_spetstehnika/samosval_18_m_ural_58312a_2014_4286896597,
https://www.avito.ru/krasnoyarsk/gruzoviki_i_spetstehnika/sinomach_gty255_2024_4364120384,
https://www.avito.ru/tolyatti/gruzoviki_i_spetstehnika/volvo_fm12_2004_7287232005,
https://www.avito.ru/sankt-peterburg/gruzoviki_i_spetstehnika/vilochnyy_pogruzchik_ep_equipment_cpcd15t8_2025_7200826810,
https://www.avito.ru/krutiha/gruzoviki_i_spetstehnika/motoblok_mtz_-06_7266582858,
https://www.avito.ru/dolgoprudnyy/gruzoviki_i_spetstehnika/vilochnyy_pogruzchik_ep_equipment_cpcd15t8_2025_7200695073,
https://www.avito.ru/krasnodar/gruzoviki_i_spetstehnika/vilochnyy_pogruzchik_ep_equipment_cpcd15t8_2025_7200227819,
https://www.avito.ru/ekaterinburg/gruzoviki_i_spetstehnika/vilochnyy_pogruzchik_ep_equipment_cpcd15t8_2025_7200909336,
https://www.avito.ru/yuzhnouralsk/gruzoviki_i_spetstehnika/polupritsep_tral_tyazhelovoz_politrans_94184_2024_4423668659,
https://www.avito.ru/tolyatti/gruzoviki_i_spetstehnika/mercedes-benz_actros_1836_2007_7288025688,
https://www.avito.ru/kochenevo/gruzoviki_i_spetstehnika/traktor_2018_3453652915,
https://www.avito.ru/moskva/gruzoviki_i_spetstehnika/izotermicheskiy_furgon_dongfeng_c80n_2024_3792863213,
https://www.avito.ru/moskva/gruzoviki_i_spetstehnika/gorodskoy_avtobus_dongfeng_k33-561_2024_4962321263,
https://www.avito.ru/moskva/gruzoviki_i_spetstehnika/izotermicheskiy_furgon_dongfeng_c80l_2024_4733508657,
https://www.avito.ru/moskva/gruzoviki_i_spetstehnika/izotermicheskiy_furgon_dongfeng_c80n_2024_3998476530,
https://www.avito.ru/tver/gruzoviki_i_spetstehnika/bortovoy_gruzovik_chayka-nn_na_jac_n90_s_kmu_hyva_2024_7345089360,
https://www.avito.ru/rostov-na-donu/gruzoviki_i_spetstehnika/izotermicheskiy_furgon_jac_n90_2025_4704061333,
https://www.avito.ru/penza/gruzoviki_i_spetstehnika/refrizherator_25_m_spetsmobil-nn_na_jac_n90_2022_7221663637,
https://www.avito.ru/moskva/gruzoviki_i_spetstehnika/bortovoy_gruzovik_jac_n90_s_kmu_xcmg_2023_4179727997,
https://www.avito.ru/moskovskaya_oblast_krasnoznamensk/gruzoviki_i_spetstehnika/evakuator_ooo_novyy_zavod_na_jac_n90_2023_4783481173,
https://www.avito.ru/naberezhnye_chelny/gruzoviki_i_spetstehnika/refrizherator_jac_n90_2021_7365440637,
https://www.avito.ru/ekaterinburg/gruzoviki_i_spetstehnika/evakuator_jac_n90_2022_7266911739,
https://www.avito.ru/chelyabinsk/gruzoviki_i_spetstehnika/tentovannyy_gruzovik_jac_n90_2021_4795408259,
https://www.avito.ru/moskovskaya_oblast_krasnogorsk/gruzoviki_i_spetstehnika/izotermicheskiy_furgon_38_m_spetsmobil-nn_na_jac_n90_2023_7322918485,
https://www.avito.ru/ramon/gruzoviki_i_spetstehnika/refrizherator_jac_n90_2024_7352424780,
https://www.avito.ru/kazan/gruzoviki_i_spetstehnika/refrizherator_ooo_novyy_zavod_na_jac_n90_2022_4573117068,
https://www.avito.ru/nizhniy_novgorod/gruzoviki_i_spetstehnika/refrizherator_jac_n90_2022_7223419793,
https://www.avito.ru/moskva/gruzoviki_i_spetstehnika/izotermicheskiy_furgon_jac_n90_2022_7263216201,
https://www.avito.ru/rostov-na-donu/gruzoviki_i_spetstehnika/bortovoy_gruzovik_jac_n90_s_kmu_xcmg_2023_7335554841,
https://www.avito.ru/ekaterinburg/gruzoviki_i_spetstehnika/bortovoy_gruzovik_ooo_novyy_zavod_na_jac_n90_s_kmu_tadano_2021_7246539404,
https://www.avito.ru/ufa/gruzoviki_i_spetstehnika/izotermicheskiy_furgon_jac_n90_2024_7383448249,
https://www.avito.ru/moskva_zelenograd/gruzoviki_i_spetstehnika/refrizherator_jac_n90_2023_4657831974,
https://www.avito.ru/naberezhnye_chelny/gruzoviki_i_spetstehnika/tentovannyy_gruzovik_jac_n90_2023_4913824401,
https://www.avito.ru/venev/gruzoviki_i_spetstehnika/refrizherator_ttm_tsentr_na_jac_n90_2023_7308046928,
https://www.avito.ru/krasnodar/gruzoviki_i_spetstehnika/refrizherator_jac_n90_2024_4170196279,
https://www.avito.ru/odintsovo/gruzoviki_i_spetstehnika/refrizherator_jac_n120_2022_7323461926,
https://www.avito.ru/naberezhnye_chelny/gruzoviki_i_spetstehnika/bortovoy_gruzovik_jac_n120_2024_4636995273,
https://www.avito.ru/kommunarka/gruzoviki_i_spetstehnika/refrizherator_42_m_jac_n120_2022_7245972078,
https://www.avito.ru/vysokaya_gora/gruzoviki_i_spetstehnika/refrizherator_49_m_jac_n120_2020_7291157976,
https://www.avito.ru/yaroslavl/gruzoviki_i_spetstehnika/tentovannyy_gruzovik_50_m_jac_n120_2019_7206668625,
https://www.avito.ru/dzerzhinsk/gruzoviki_i_spetstehnika/bortovoy_gruzovik_jac_n120x_2024_4432099711,
https://www.avito.ru/orel/gruzoviki_i_spetstehnika/tentovannyy_gruzovik_jac_n120_2021_4380961198,
https://www.avito.ru/novosibirsk/gruzoviki_i_spetstehnika/refrizherator_jac_n120_2024_7359883518,
https://www.avito.ru/moskva/gruzoviki_i_spetstehnika/refrizherator_jac_n120_2018_4497005736,
https://www.avito.ru/voronezh/gruzoviki_i_spetstehnika/refrizherator_jac_n120_2024_7298332702,
https://www.avito.ru/kazan/gruzoviki_i_spetstehnika/tentovannyy_gruzovik_40_m_jac_n120_2021_5003636014,
https://www.avito.ru/tver/gruzoviki_i_spetstehnika/tentovannyy_gruzovik_52_m_chayka-nn_na_jac_n120_2024_7345412789,
https://www.avito.ru/krasnodar/gruzoviki_i_spetstehnika/refrizherator_48_m_avtomehanicheskiy_zavod_na_jac_n120_2024_7330897422,
https://www.avito.ru/nizhniy_novgorod/gruzoviki_i_spetstehnika/tentovannyy_gruzovik_jac_n120_2019_4492028991,
https://www.avito.ru/lermontov/gruzoviki_i_spetstehnika/bortovoy_gruzovik_rus-ven_na_jac_n120_2023_7388790766,
https://www.avito.ru/sankt-peterburg/gruzoviki_i_spetstehnika/tentovannyy_gruzovik_jac_n120_2022_4890253971,
https://www.avito.ru/zernograd/gruzoviki_i_spetstehnika/musorovoz_jac_n120_7216413541,
https://www.avito.ru/sankt-peterburg/gruzoviki_i_spetstehnika/tentovannyy_gruzovik_jac_n120_2018_4099014361,
https://www.avito.ru/sankt-peterburg/gruzoviki_i_spetstehnika/evakuator_tsentrtranstehmash_na_jac_n120_2024_7363414441,
https://www.avito.ru/izhevsk/gruzoviki_i_spetstehnika/izotermicheskiy_furgon_jac_n120_2021_7232869866,
https://www.avito.ru/noginsk/gruzoviki_i_spetstehnika/shassi_sitrak_c7h_2024_7226790541,
https://www.avito.ru/moskva/gruzoviki_i_spetstehnika/sitrak_c7h_2023_4624787361,
https://www.avito.ru/naberezhnye_chelny/gruzoviki_i_spetstehnika/sitrak_c7h_2024_4634760128,
https://www.avito.ru/uspenskoe/gruzoviki_i_spetstehnika/sitrak_c7h_2023_7371655346,
https://www.avito.ru/perm/gruzoviki_i_spetstehnika/sitrak_c7h_2023_7224239140,
https://www.avito.ru/samara/gruzoviki_i_spetstehnika/sitrak_c7h_2023_4301130774,
https://www.avito.ru/vidnoe/gruzoviki_i_spetstehnika/sitrak_c7h_2023_7208085669,
https://www.avito.ru/bryansk/gruzoviki_i_spetstehnika/sitrak_c7h_2023_4977869414,
https://www.avito.ru/ufa/gruzoviki_i_spetstehnika/sitrak_c7h_2023_7333562709,
https://www.avito.ru/kazan/gruzoviki_i_spetstehnika/sitrak_c7h_2023_7214326777,
https://www.avito.ru/himki/gruzoviki_i_spetstehnika/sitrak_c7h_2023_7248426420,
https://www.avito.ru/saransk/gruzoviki_i_spetstehnika/sitrak_c7h_2023_7268410782,
https://www.avito.ru/saratov/gruzoviki_i_spetstehnika/sitrak_c7h_max_s_polupritsepom_2023_4784248244,
https://www.avito.ru/engels/gruzoviki_i_spetstehnika/sitrak_c7h_2023_7204149622,
https://www.avito.ru/sankt-peterburg/gruzoviki_i_spetstehnika/sitrak_c7h_2023_4537216548,
https://www.avito.ru/krasnodar/gruzoviki_i_spetstehnika/sitrak_c7h_2023_7207389937,
https://www.avito.ru/naberezhnye_chelny/gruzoviki_i_spetstehnika/sitrak_c7h_max_2023_7333491335,
https://www.avito.ru/novosibirsk/gruzoviki_i_spetstehnika/sitrak_c7h_2023_4498645876,
https://www.avito.ru/bryansk/gruzoviki_i_spetstehnika/sitrak_c7h_max_2024_4567131123,
https://www.avito.ru/kropotkin/gruzoviki_i_spetstehnika/sitrak_c7h_max_2024_7370599620,
https://www.avito.ru/anapa/gruzoviki_i_spetstehnika/samosval_shacman_sx3258dr384_2018_7353384363,
https://www.avito.ru/surgut/gruzoviki_i_spetstehnika/samosval_20_m_shacman_sx3258dt385_2022_4754583159,
https://www.avito.ru/nizhnekamsk/gruzoviki_i_spetstehnika/samosval_20_m_shacman_sx3258dr384_2018_4498794218,
https://www.avito.ru/voronezh/gruzoviki_i_spetstehnika/samosval_shacman_sx3258dr384_2011_7337334507,
https://www.avito.ru/argayash/gruzoviki_i_spetstehnika/samosval_19_m_shacman_sx3258dr384_2013_3277639641,
https://www.avito.ru/lesnoy_gorodok/gruzoviki_i_spetstehnika/samosval_shacman_sx3258dr384_2018_4392227828,
https://www.avito.ru/tyumen/gruzoviki_i_spetstehnika/samosval_19_m_shacman_sx3258dr384_2022_7304165757,
https://www.avito.ru/chelyabinsk/gruzoviki_i_spetstehnika/samosval_shacman_f3000_2021_4469401647,
https://www.avito.ru/novosibirsk/gruzoviki_i_spetstehnika/samosval_shacman_sx3258dr384_2021_3703409118,
https://www.avito.ru/naberezhnye_chelny/gruzoviki_i_spetstehnika/samosval_shacman_sx3258dr384_2020_7355128094,
https://www.avito.ru/rostov-na-donu/gruzoviki_i_spetstehnika/samosval_shacman_sx3258dr384_2018_4697983193,
https://www.avito.ru/ramenskoe/gruzoviki_i_spetstehnika/samosval_19_m_shacman_sx3258dr384_2022_7388957221,
https://www.avito.ru/nevinnomyssk/gruzoviki_i_spetstehnika/samosval_shacman_sx3258dr384_2018_4643129662,
https://www.avito.ru/gostagaevskaya/gruzoviki_i_spetstehnika/shacman_sx3258_4993643166,
https://www.avito.ru/kazan/gruzoviki_i_spetstehnika/samosval_19_m_shacman_sx3258dr384_2022_7388596736,
https://www.avito.ru/solyanka/gruzoviki_i_spetstehnika/samosval_shacman_sx3258_2019_7233745872,
https://www.avito.ru/shahunya/gruzoviki_i_spetstehnika/samosval_shacman_sx3258dt385_2022_4763220468,
https://www.avito.ru/ryazan/gruzoviki_i_spetstehnika/samosval_shacman_sx3258dr384_2018_4627533804,
https://www.avito.ru/miass/gruzoviki_i_spetstehnika/zernovoz_60_m_avtomaster_na_shacman_sx3258_2024_4361653399,
https://www.avito.ru/noyabrsk/gruzoviki_i_spetstehnika/samosval_shacman_sx3258dr384_2018_7285411382,
https://www.avito.ru/samara/gruzoviki_i_spetstehnika/scania_g440la4x2hna_2021_4874376649,
https://www.avito.ru/samara/gruzoviki_i_spetstehnika/mini-pogruzchik_leite_lt-480z_2024_7366832837,
https://www.avito.ru/kazan/gruzoviki_i_spetstehnika/kosilka_bezhetskselmash_krn-21_2021_7376302164,
https://www.avito.ru/irkutsk/gruzoviki_i_spetstehnika/gusenichnyy_vezdehod_7346530340,
https://www.avito.ru/mineralnye_vody/gruzoviki_i_spetstehnika/gorodskoy_avtobus_paz_32054_2012_7385472403,
https://www.avito.ru/velikie_luki/gruzoviki_i_spetstehnika/pogruzchik_pku-03_na_traktor_sintay_xt_244_4424171878,
https://www.avito.ru/shishkin_les/gruzoviki_i_spetstehnika/man_tgx_18.400_2008_4346540995,
https://www.avito.ru/vidnoe/gruzoviki_i_spetstehnika/samosval_26_m_howo_zz3327s3847e_2021_7382402761,
https://www.avito.ru/samara/gruzoviki_i_spetstehnika/izotermicheskiy_furgon_43_m_spetsmobil-nn_na_kamaz_4308-69_g5_2024_7238100400,
https://www.avito.ru/moskva/gruzoviki_i_spetstehnika/volvo_fm_truck_6x4_2019_7337378590,
https://www.avito.ru/issa/gruzoviki_i_spetstehnika/samosval_howo_zz3327n3847d_2014_2470923726,
https://www.avito.ru/voronezh/gruzoviki_i_spetstehnika/samosval_howo_zz3327n3247_2008_4405069922,
https://www.avito.ru/nefteyugansk/gruzoviki_i_spetstehnika/samosval_howo_zz3327s3847e_2021_7287364375,
https://www.avito.ru/verhneuralsk/gruzoviki_i_spetstehnika/samosval_howo_zz3327n3647w_2007_7347769865,
https://www.avito.ru/kulebaki/gruzoviki_i_spetstehnika/samosval_howo_zz3327n3847w_2007_7356260018,
https://www.avito.ru/voronezh/gruzoviki_i_spetstehnika/samosval_howo_zz3327n3847c_2012_4587410248,
https://www.avito.ru/novosibirsk/gruzoviki_i_spetstehnika/samosval_18_m_howo_zz3327n3647c_2008_4476560904,
https://www.avito.ru/chelyabinsk/gruzoviki_i_spetstehnika/samosval_howo_zz3327n3647c_2008_7356347922,
https://www.avito.ru/dyurtyuli/gruzoviki_i_spetstehnika/samosval_howo_zz3327n3647w_2007_4081540530,
https://www.avito.ru/pskov/gruzoviki_i_spetstehnika/samosval_howo_zz3327n3647c_2008_4147559763,
https://www.avito.ru/stavropol/gruzoviki_i_spetstehnika/samosval_howo_zz3327n3647c_2008_4585143231,
https://www.avito.ru/kurskaya_oblast_zheleznogorsk/gruzoviki_i_spetstehnika/samosval_howo_zz3327n3847c_2012_4117700987,
https://www.avito.ru/yakutsk/gruzoviki_i_spetstehnika/samosval_howo_zz3327_2020_3852683276,
https://www.avito.ru/pyt-yah/gruzoviki_i_spetstehnika/samosval_18_m_howo_zz3327s3857e_2013_4424177642,
https://www.avito.ru/sevastopol/gruzoviki_i_spetstehnika/samosval_howo_zz3327n3647w_2007_7328909430,
https://www.avito.ru/vologda/gruzoviki_i_spetstehnika/samosval_howo_zz3327n3847c_2012_4285791150,
https://www.avito.ru/mglin/gruzoviki_i_spetstehnika/samosval_howo_zz3327n3847c_2007_1760551609,
https://www.avito.ru/tuymazy/gruzoviki_i_spetstehnika/samosval_19_m_howo_zz3327n3847e_2020_7310345728,
https://www.avito.ru/bryansk/gruzoviki_i_spetstehnika/samosval_howo_zz3327n3647w_2007_7321958257,
https://www.avito.ru/tver/gruzoviki_i_spetstehnika/samosval_howo_zz3327n3647c_2011_7233419076,
https://www.avito.ru/sankt-peterburg/avtomobili/geely_coolray_1.5_amt_2024_7236541594,
https://www.avito.ru/moskva/avtomobili/geely_coolray_1.5_amt_2024_7334363592,
https://www.avito.ru/voronezh/avtomobili/haval_jolion_1.5_amt_2024_7_433_km_4437272140,
https://www.avito.ru/sankt-peterburg/avtomobili/haval_jolion_1.5_amt_2024_7344936292,
https://www.avito.ru/moskva/avtomobili/foton_toano_2.8_mt_2024_4554483376,
https://www.avito.ru/sankt-peterburg/avtomobili/foton_toano_2.8_mt_2024_4865599779,
https://www.avito.ru/samara/avtomobili/chery_tiggo_7_pro_max_1.6_amt_2025_4818620965,
https://www.avito.ru/sankt-peterburg/avtomobili/chery_tiggo_7_pro_max_1.6_amt_2025_7308795675,
https://www.avito.ru/nizhniy_novgorod/avtomobili/chery_tiggo_4_pro_1.5_mt_2025_4642541096,
https://www.avito.ru/rzhavki/avtomobili/chery_tiggo_8_pro_max_1.6_amt_2024_7241760375,
https://www.avito.ru/mirnoe/avtomobili/omoda_c5_1.6_amt_2024_4392169575,
https://www.avito.ru/moskva/avtomobili/omoda_c5_1.5_cvt_2024_7220081148,
https://www.avito.ru/moskva/avtomobili/omoda_s5_1.5_cvt_2024_7316745524,
https://www.avito.ru/krasnodar/avtomobili/omoda_s5_gt_1.5_cvt_2024_4615015529,
https://www.avito.ru/sankt-peterburg/avtomobili/omoda_s5_1.5_cvt_2024_4476520676,
https://www.avito.ru/armavir/avtomobili/omoda_s5_1.5_cvt_2024_7237070356,
https://www.avito.ru/cheboksary/avtomobili/omoda_c5_1.5_cvt_2024_7370061971,
https://www.avito.ru/saratov/avtomobili/omoda_c5_1.6_amt_2024_7264584392,
https://www.avito.ru/chelyabinsk/avtomobili/xcite_x-cross_7_1.5_cvt_2024_12_380_km_4779995954,
https://www.avito.ru/ekaterinburg/avtomobili/kia_rio_x-line_1.6_at_2018_55_578_km_4591884768,
https://www.avito.ru/novosibirsk/avtomobili/exeed_lx_1.5_cvt_2024_4844230676,
https://www.avito.ru/sochi/avtomobili/exeed_lx_1.5_cvt_2024_7339708535,
https://www.avito.ru/sankt-peterburg/avtomobili/geely_atlas_2.0_at_2024_4686890916,
https://www.avito.ru/himki/avtomobili/geely_atlas_2.0_amt_2024_7369664262,
https://www.avito.ru/voronezh/avtomobili/geely_monjaro_2.0_at_2024_4404912203,
https://www.avito.ru/sankt-peterburg/avtomobili/geely_monjaro_2.0_at_2024_4802064264,
https://www.avito.ru/moskva/avtomobili/voyah_dream_1.5_at_2024_4638355684,
https://www.avito.ru/moskva/avtomobili/voyah_dream_1.5_at_2024_4637583355,
https://www.avito.ru/sankt-peterburg/avtomobili/gac_m8_2.0_at_2024_3951999844,
https://www.avito.ru/sankt-peterburg/avtomobili/gac_m8_2.0_at_2024_4719972711,
https://www.avito.ru/vladivostok/avtomobili/hongqi_hq9_2.0_at_2023_6_000_km_4174403702,
https://www.avito.ru/moskva/avtomobili/hongqi_hq9_2.0_at_2023_6_184_km_4502801453,
https://www.avito.ru/vladivostok/avtomobili/maxus_g10_2.0_mt_2021_4_300_km_4519495835,
https://www.avito.ru/vladivostok/avtomobili/maxus_g10_2.0_mt_2021_30_000_km_5057546126,
https://www.avito.ru/dolgoprudnyy/gruzoviki_i_spetstehnika/bortovoy_gruzovik_jac_n200_s_kmu_fassi_2024_4348103475,
https://www.avito.ru/moskva/gruzoviki_i_spetstehnika/jac_n56_refrizherator_2017_4678605709,
https://www.avito.ru/sankt-peterburg/gruzoviki_i_spetstehnika/junfeng_k32-5661_tselnometallicheskiy_2024_4013986176,
https://www.avito.ru/sankt-peterburg/gruzoviki_i_spetstehnika/dongfeng_k32_tselnometallicheskiy_2024_4461866608,
https://www.avito.ru/moskva/gruzoviki_i_spetstehnika/dongfeng_gx_2024_4016755358,
https://www.avito.ru/moskva/gruzoviki_i_spetstehnika/promtovarnyy_furgon_dongfeng_c120l_2024_4625420604,
https://www.avito.ru/mirnoe/gruzoviki_i_spetstehnika/avtotsisterna_5_m_jac_n90_2024_7321256754,
https://www.avito.ru/bataysk/gruzoviki_i_spetstehnika/vakuumnaya_mashina_na_baze_jac_n90_7231734025,
https://www.avito.ru/rostov-na-donu/gruzoviki_i_spetstehnika/bortovoy_gruzovik_jac_n120x_s_kmu_hangil_sv_2025_4512339274,
https://www.avito.ru/cheboksary/gruzoviki_i_spetstehnika/bortovoy_gruzovik_jac_n120x_s_kmu_hangil_sv_2024_3765768289,
https://www.avito.ru/balashiha/gruzoviki_i_spetstehnika/refrizherator_60_m_sibevroven_na_sitrak_c7h_2024_4490931414,
https://www.avito.ru/moskva_zelenograd/gruzoviki_i_spetstehnika/sitrak_c7h_2024_4009541188,
https://www.avito.ru/sankt-peterburg/gruzoviki_i_spetstehnika/samosval_19_m_shacman_sx3258dr384_2019_4669778079,
https://www.avito.ru/amurskaya_oblast_blagoveschensk/gruzoviki_i_spetstehnika/shassi_shacman_sx3258dr384_2013_4388524252,
https://www.avito.ru/osinovo/gruzoviki_i_spetstehnika/samosval_31_m_shacman_sx3318_2022_5122131697,
https://www.avito.ru/abakan/gruzoviki_i_spetstehnika/samosval_35_m_shacman_sx3318dt366_2018_4805628128,
https://www.avito.ru/vladimir/gruzoviki_i_spetstehnika/tentovannyy_gruzovik_jac_n120_2024_7277527263,
https://www.avito.ru/moskva/gruzoviki_i_spetstehnika/samosval_26_m_jac_n350_2023_7293765733,
https://www.avito.ru/staryy_krym/gruzoviki_i_spetstehnika/samosval_howo_zz3327s3847e_2022_7231123797,
https://www.avito.ru/ufa/gruzoviki_i_spetstehnika/bortovoy_gruzovik_howo_zz3327s3847e_2020_7303803255,
https://www.avito.ru/novosibirsk/gruzoviki_i_spetstehnika/samosval_35_m_howo_zz3407s3867e_2023_4769824939,
https://www.avito.ru/afipskiy/gruzoviki_i_spetstehnika/samosval_howo_zz3407s3867e_2022_5122131705,
https://www.avito.ru/vologda/gruzoviki_i_spetstehnika/bortovoy_gruzovik_faw_j6p_ca3250_2025_4397161357,
https://www.avito.ru/cherepovets/gruzoviki_i_spetstehnika/samosval_18_m_faw_j6p_ca3250_2023_4294709322,
https://www.avito.ru/moskva/gruzoviki_i_spetstehnika/saic_maxus_v80_tselnometallicheskiy_2023_4735813979,
https://www.avito.ru/velikiy_novgorod/avtomobili/geely_coolray_1.5_amt_2024_4937555901,
https://www.avito.ru/rostov-na-donu/avtomobili/geely_coolray_1.5_amt_2024_4645141211,
https://www.avito.ru/krasnodar/avtomobili/geely_coolray_1.5_amt_2024_149_km_7360300022,
https://www.avito.ru/voronezh/avtomobili/geely_coolray_1.5_amt_2024_4404686598,
https://www.avito.ru/stavropol/avtomobili/geely_coolray_1.5_amt_2024_4550932240,
https://www.avito.ru/naberezhnye_chelny/avtomobili/geely_coolray_1.5_amt_2023_15_832_km_7300442021,
https://www.avito.ru/velikiy_novgorod/avtomobili/geely_coolray_1.5_amt_2024_4937501770,
https://www.avito.ru/yaroslavl/avtomobili/geely_coolray_1.5_amt_2023_40_km_3491078686,
https://www.avito.ru/voronezh/avtomobili/geely_coolray_1.5_amt_2024_4404677803,
https://www.avito.ru/nizhniy_novgorod/avtomobili/geely_coolray_1.5_amt_2024_7348815672,
https://www.avito.ru/tula/avtomobili/haval_jolion_1.5_amt_2021_49_500_km_7385425564,
https://www.avito.ru/ufa/avtomobili/haval_jolion_1.5_amt_2021_70_000_km_7298051470,
https://www.avito.ru/simferopol/avtomobili/haval_jolion_1.5_amt_2021_158_000_km_7349545598,
https://www.avito.ru/moskva/avtomobili/haval_jolion_1.5_amt_2023_120_000_km_7360828903,
https://www.avito.ru/krasnodar/avtomobili/haval_jolion_1.5_mt_2025_7290756076,
https://www.avito.ru/nizhniy_novgorod/avtomobili/haval_jolion_1.5_mt_2025_7244386933,
https://www.avito.ru/stavropol/avtomobili/haval_jolion_1.5_mt_2023_36_500_km_4637377896,
https://www.avito.ru/krasnodar/avtomobili/haval_jolion_1.5_amt_2025_7354516135,
https://www.avito.ru/dinskaya/avtomobili/haval_jolion_1.5_amt_2023_58_400_km_7370662647,
https://www.avito.ru/ivanovo/avtomobili/haval_jolion_1.5_mt_2023_28_780_km_7374245890,
https://www.avito.ru/kirovskaya_oblast_kirov/avtomobili/foton_toano_2.8_mt_2024_7385765172,
https://www.avito.ru/izhevsk/avtomobili/foton_toano_2.8_mt_2024_4542698876,
https://www.avito.ru/krasnodar/avtomobili/foton_toano_2.8_mt_2023_4035425862,
https://www.avito.ru/sochi/avtomobili/foton_toano_2.8_mt_2024_4193035475,
https://www.avito.ru/lyubertsy/avtomobili/foton_toano_2.8_mt_2024_7373190500,
https://www.avito.ru/kurgan/avtomobili/foton_toano_2.8_mt_2023_bityy_27_635_km_4669334712,
https://www.avito.ru/lyubertsy/avtomobili/foton_toano_2.8_mt_2024_7373156099,
https://www.avito.ru/orenburg/avtomobili/foton_toano_2.8_mt_2024_7237457076,
https://www.avito.ru/shishkin_les/avtomobili/foton_toano_2.8_mt_2024_16_300_km_7311780434,
https://www.avito.ru/stavropol/avtomobili/foton_toano_2.8_mt_2024_7256798941,
https://www.avito.ru/voronezh/avtomobili/jac_sunray_2.0_mt_2023_1_100_km_4149745706,
https://www.avito.ru/moskva/avtomobili/changan_star_truck_plus_1.6_mt_2023_4741883500,
https://www.avito.ru/rostov-na-donu/avtomobili/changan_star_truck_plus_1.6_mt_2023_4512712521,
https://www.avito.ru/izhevsk/avtomobili/changan_new_star_truck_1.2_mt_2023_4632665474,
https://www.avito.ru/moskva/avtomobili/kyc_t3_1.2_mt_2023_150_km_7344006662,
https://www.avito.ru/nizhniy_novgorod/avtomobili/jmc_vigus_work_2.5_mt_2023_1_000_km_7320488185,
https://www.avito.ru/krasnodar/avtomobili/changan_hunter_2.4_at_2022_28_756_km_4461460515,
https://www.avito.ru/kratovo/avtomobili/changan_hunter_plus_2.0_at_2023_37_000_km_7282863638,
https://www.avito.ru/pavlovskaya_sloboda/avtomobili/dongfeng_df6_2.5_mt_2023_5122056500,
https://www.avito.ru/balashiha/avtomobili/jac_j7_1.5_mt_2022_10_000_km_4272591793,
https://www.avito.ru/astrahan/avtomobili/chery_tiggo_7_pro_1.5_cvt_2024_15_000_km_7332404833,
https://www.avito.ru/vologda/avtomobili/chery_tiggo_7_pro_max_1.6_amt_2023_50_000_km_7284445733,
https://www.avito.ru/bryansk/avtomobili/chery_tiggo_7_pro_max_1.5_cvt_2023_26_700_km_7386353209,
https://www.avito.ru/rostov-na-donu/avtomobili/chery_tiggo_7_pro_1.5_cvt_2023_67_000_km_7293451883,
https://www.avito.ru/moskva/avtomobili/chery_tiggo_7_pro_1.5_cvt_2022_59_000_km_7306724514,
https://www.avito.ru/chelyabinsk/avtomobili/chery_tiggo_7_pro_max_1.5_cvt_2023_bityy_23_000_km_7341049532,
https://www.avito.ru/moskva/avtomobili/chery_tiggo_7_pro_1.5_cvt_2022_81_580_km_7301200039,
https://www.avito.ru/sankt-peterburg/avtomobili/chery_tiggo_7_pro_max_1.6_amt_2023_bityy_6_100_km_7265822302,
https://www.avito.ru/nevinnomyssk/avtomobili/chery_tiggo_7_pro_max_1.5_cvt_2023_10_000_km_7347646762,
https://www.avito.ru/omsk/avtomobili/chery_tiggo_7_pro_1.5_cvt_2020_35_000_km_7387413188,
https://www.avito.ru/nizhniy_novgorod/avtomobili/chery_tiggo_4_pro_1.5_cvt_2024_8_900_km_7345593897,
https://www.avito.ru/moskva/avtomobili/chery_tiggo_8_pro_1.6_amt_2022_21_954_km_7338810559,
https://www.avito.ru/murino/avtomobili/chery_tiggo_8_pro_1.6_amt_2021_63_400_km_7336909576,
https://www.avito.ru/slavyansk-na-kubani/avtomobili/chery_tiggo_8_pro_1.6_amt_2021_67_000_km_7373226821,
https://www.avito.ru/pyatigorsk/avtomobili/chery_tiggo_8_pro_1.6_amt_2022_75_000_km_7348028062,
https://www.avito.ru/kursk/avtomobili/chery_tiggo_8_pro_1.6_amt_2021_55_000_km_7360987129,
https://www.avito.ru/labinsk/avtomobili/chery_tiggo_8_pro_max_1.6_amt_2024_10_000_km_7296452589,
https://www.avito.ru/istra/avtomobili/chery_tiggo_8_pro_max_2.0_amt_2023_22_231_km_4946396938,
https://www.avito.ru/balashiha/avtomobili/chery_tiggo_8_pro_max_2.0_amt_2023_bityy_46_896_km_7201280483,
https://www.avito.ru/moskva/avtomobili/chery_tiggo_8_pro_max_2.0_amt_2023_5_900_km_3810827958,
https://www.avito.ru/gelendzhik/avtomobili/omoda_c5_1.5_cvt_2023_3_911_km_7379656484,
https://www.avito.ru/sankt-peterburg/avtomobili/omoda_c5_1.5_cvt_2024_4579167537,
https://www.avito.ru/sankt-peterburg/avtomobili/omoda_c5_1.5_cvt_2024_7339065564,
https://www.avito.ru/sankt-peterburg/avtomobili/omoda_c5_1.5_cvt_2024_4578884241,
https://www.avito.ru/nizhniy_novgorod/avtomobili/omoda_c5_1.6_amt_2024_7360678584,
https://www.avito.ru/ufa/avtomobili/omoda_c5_1.5_cvt_2024_4718569302,
https://www.avito.ru/tolyatti/avtomobili/omoda_c5_1.5_cvt_2024_7278448774,
https://www.avito.ru/nizhniy_novgorod/avtomobili/omoda_c5_1.5_cvt_2024_7329203999,
https://www.avito.ru/afonino/avtomobili/omoda_c5_1.5_cvt_2024_7309015315,
https://www.avito.ru/kemerovo/avtomobili/omoda_c5_1.6_amt_2022_26_572_km_7346607079,
https://www.avito.ru/kazan/avtomobili/omoda_s5_1.5_cvt_2024_4755938609,
https://www.avito.ru/moskva/avtomobili/omoda_s5_gt_1.5_cvt_2024_7339697626,
https://www.avito.ru/sankt-peterburg/avtomobili/omoda_s5_1.5_cvt_2024_7370273237,
https://www.avito.ru/moskva/avtomobili/omoda_s5_gt_1.5_cvt_2024_7382952969,
https://www.avito.ru/moskva/avtomobili/omoda_s5_gt_1.5_cvt_2024_7339416346,
https://www.avito.ru/sankt-peterburg/avtomobili/omoda_s5_gt_1.6_amt_2023_8_266_km_4382702247,
https://www.avito.ru/elektrougli/avtomobili/omoda_s5_gt_1.6_amt_2023_19_000_km_4542493558,
https://www.avito.ru/sankt-peterburg/avtomobili/omoda_s5_1.5_cvt_2024_4522634161,
https://www.avito.ru/ekaterinburg/avtomobili/omoda_s5_gt_1.5_cvt_2024_4_790_km_7334252833,
https://www.avito.ru/moskva/avtomobili/omoda_s5_gt_1.6_amt_2023_258_km_7377117038,
https://www.avito.ru/sankt-peterburg/avtomobili/omoda_s5_1.5_cvt_2024_7361969712,
https://www.avito.ru/sankt-peterburg/avtomobili/omoda_s5_1.5_cvt_2024_7361502425,
https://www.avito.ru/sankt-peterburg/avtomobili/omoda_s5_1.5_cvt_2024_7361587871,
https://www.avito.ru/sankt-peterburg/avtomobili/omoda_s5_1.5_cvt_2024_7362004738,
https://www.avito.ru/sankt-peterburg/avtomobili/omoda_s5_1.5_cvt_2024_7361237195,
https://www.avito.ru/sankt-peterburg/avtomobili/omoda_s5_1.5_cvt_2024_7361431579,
https://www.avito.ru/sankt-peterburg/avtomobili/omoda_s5_1.5_cvt_2024_7361796750,
https://www.avito.ru/sankt-peterburg/avtomobili/omoda_s5_1.5_cvt_2024_7361026481,
https://www.avito.ru/sankt-peterburg/avtomobili/omoda_s5_1.5_cvt_2024_7361954127,
https://www.avito.ru/sankt-peterburg/avtomobili/omoda_s5_1.5_cvt_2024_7361812798,
https://www.avito.ru/moskovskaya_oblast_bykovo/avtomobili/omoda_c5_1.5_cvt_2024_7335335221,
https://www.avito.ru/himki/avtomobili/omoda_c5_1.5_cvt_2024_4507554821,
https://www.avito.ru/krasnodar/avtomobili/omoda_c5_1.5_cvt_2024_4583052529,
https://www.avito.ru/samara/avtomobili/omoda_c5_1.5_cvt_2022_16_500_km_7362036948,
https://www.avito.ru/pyatigorsk/avtomobili/omoda_c5_1.5_cvt_2024_4929745020,
https://www.avito.ru/voronezh/avtomobili/omoda_c5_1.5_cvt_2024_27_497_km_7385070589,
https://www.avito.ru/pyatigorsk/avtomobili/omoda_c5_1.5_cvt_2024_4929456836,
https://www.avito.ru/samara/avtomobili/omoda_c5_1.5_cvt_2022_90_000_km_4708493781,
https://www.avito.ru/sankt-peterburg/avtomobili/omoda_c5_1.5_cvt_2023_39_000_km_4759706267,
https://www.avito.ru/moskva/avtomobili/omoda_c5_1.5_cvt_2024_7339560035,
https://www.avito.ru/rostov-na-donu/avtomobili/exeed_lx_1.5_cvt_2022_92_000_km_7278814676,
https://www.avito.ru/yablonovskiy/avtomobili/exeed_lx_1.6_amt_2022_72_000_km_7360002941,
https://www.avito.ru/sankt-peterburg/avtomobili/exeed_lx_1.6_amt_2023_8_350_km_7337455704,
https://www.avito.ru/sankt-peterburg/avtomobili/exeed_lx_1.5_cvt_2021_17_500_km_7354986956,
https://www.avito.ru/moskva/avtomobili/exeed_lx_1.5_cvt_2023_bityy_30_800_km_7361462314,
https://www.avito.ru/tula/avtomobili/exeed_lx_1.5_cvt_2023_31_000_km_7347074590,
https://www.avito.ru/istra/avtomobili/exeed_lx_1.5_cvt_2023_bityy_61_668_km_4881494949,
https://www.avito.ru/kazan/avtomobili/exeed_lx_1.5_cvt_2023_77_500_km_7316978631,
https://www.avito.ru/moskva/avtomobili/exeed_lx_1.5_cvt_2023_40_000_km_4468667403,
https://www.avito.ru/sankt-peterburg/avtomobili/exeed_lx_1.5_cvt_2022_4_200_km_7261064651,
https://www.avito.ru/sankt-peterburg/avtomobili/geely_atlas_pro_1.5_at_2024_24_000_km_7377760967,
https://www.avito.ru/sankt-peterburg/avtomobili/geely_atlas_pro_1.5_amt_2022_41_532_km_7344268732,
https://www.avito.ru/moskva/avtomobili/geely_atlas_pro_1.5_amt_2022_43_000_km_7349874142,
https://www.avito.ru/moskva/avtomobili/geely_atlas_pro_1.5_at_2022_51_463_km_7373041005,
https://www.avito.ru/chelyabinsk/avtomobili/geely_atlas_2.0_mt_2020_126_500_km_7386451564,
https://www.avito.ru/himki/avtomobili/geely_atlas_2.4_at_2021_86_534_km_7382296272,
https://www.avito.ru/sankt-peterburg_zelenogorsk/avtomobili/geely_atlas_2.0_amt_2024_7204127801,
https://www.avito.ru/istra/avtomobili/geely_atlas_pro_1.5_amt_2023_19_409_km_7345816825,
https://www.avito.ru/naro-fominsk/avtomobili/geely_atlas_2.4_at_2021_5_170_km_7335972965,
https://www.avito.ru/nizhniy_novgorod/avtomobili/geely_atlas_2.4_at_2021_54_252_km_7342088556,
https://www.avito.ru/moskva/avtomobili/geely_monjaro_2.0_at_2025_31_km_7237118311,
https://www.avito.ru/moskva/avtomobili/geely_monjaro_2.0_at_2025_3_km_7374493751,
https://www.avito.ru/rostov-na-donu/avtomobili/geely_monjaro_2.0_at_2024_30_000_km_7382117162,
https://www.avito.ru/naberezhnye_chelny/avtomobili/geely_monjaro_2.0_at_2025_10_km_7326141111,
https://www.avito.ru/sankt-peterburg/avtomobili/geely_monjaro_2.0_at_2024_7391654755,
https://www.avito.ru/sankt-peterburg/avtomobili/geely_monjaro_2.0_at_2024_7391372085,
https://www.avito.ru/moskva/avtomobili/geely_monjaro_2.0_at_2025_2_km_7342846669,
https://www.avito.ru/krasnodar/avtomobili/geely_monjaro_2.0_at_2025_40_km_7360801713,
https://www.avito.ru/lyubertsy/avtomobili/geely_monjaro_2.0_at_2024_4689964774,
https://www.avito.ru/lyubertsy/avtomobili/geely_monjaro_2.0_at_2024_4465835866,
https://www.avito.ru/sankt-peterburg/avtomobili/voyah_dream_1.5_at_2023_18_000_km_7332955721,
https://www.avito.ru/moskva/avtomobili/voyah_dream_1.5_at_2025_4638062075,
https://www.avito.ru/nizhniy_novgorod/avtomobili/voyah_dream_1.5_at_2023_bityy_9_000_km_7379822612,
https://www.avito.ru/moskva/avtomobili/voyah_dream_1.5_at_2023_29_000_km_4067503563,
https://www.avito.ru/moskva/avtomobili/voyah_dream_1.5_at_2024_4637892813,
https://www.avito.ru/krasnoyarsk/avtomobili/voyah_dream_1.5_at_2022_19_000_km_7325334537,
https://www.avito.ru/moskva/avtomobili/voyah_dream_1.5_at_2024_4637592909,
https://www.avito.ru/moskva/avtomobili/voyah_dream_1.5_at_2024_7293266780,
https://www.avito.ru/vladikavkaz/avtomobili/voyah_dream_1.5_at_2024_2_500_km_7356834680,
https://www.avito.ru/moskva/avtomobili/voyah_dream_1.5_at_2024_4637536758,
https://www.avito.ru/krasnodar/avtomobili/gac_m8_2.0_at_2024_19_000_km_7374450691,
https://www.avito.ru/sankt-peterburg/avtomobili/gac_gs8_2.0_at_2024_7379929406,
https://www.avito.ru/kostroma/avtomobili/gac_m8_2.0_at_2023_888_km_3488370838,
https://www.avito.ru/irkutsk/avtomobili/gac_m8_2.0_at_2023_40_000_km_7341705761,
https://www.avito.ru/birobidzhan/avtomobili/trumpchi_m8_2.0_at_2022_38_000_km_7331407979,
https://www.avito.ru/sankt-peterburg/avtomobili/gac_gs8_2.0_at_2024_7379594843,
https://www.avito.ru/izhevsk/avtomobili/gac_m8_2.0_at_2025_7402794112,
https://www.avito.ru/sankt-peterburg/avtomobili/gac_gs8_2.0_at_2024_7379404600,
https://www.avito.ru/volodarskogo/avtomobili/gac_m8_2.0_at_2024_6_000_km_7208079677,
https://www.avito.ru/simferopol/avtomobili/gac_m8_2.0_at_2024_20_000_km_7354385270,
https://www.avito.ru/samara/avtomobili/hongqi_hq9_2.0_at_2022_2_425_km_7268236635,
https://www.avito.ru/sochi/avtomobili/hongqi_hq9_2.0_at_2023_10_278_km_7312423315,
https://www.avito.ru/moskva/avtomobili/hongqi_hq9_2.0_at_2023_6_000_km_7257482387,
https://www.avito.ru/zarechye/avtomobili/hongqi_hq9_2.0_at_2022_1_362_km_4342173499,
https://www.avito.ru/moskva/avtomobili/maxus_g20_2.0_at_2020_50_000_km_3928259571,
https://www.avito.ru/moskva/avtomobili/hongqi_h5_2.0_at_2024_4238610811,
https://www.avito.ru/moskva/avtomobili/hongqi_h9_3.0_amt_2023_20_km_4025123598,
https://www.avito.ru/moskva/avtomobili/hongqi_h9_2.0_amt_2023_44_517_km_4605990493,
https://www.avito.ru/moskva/avtomobili/hongqi_h9_2.0_amt_2023_8_267_km_4407073413,
https://www.avito.ru/moskva/avtomobili/hongqi_h9_2.0_amt_2023_4719196781,
https://www.avito.ru/kazan/avtomobili/sollers_atlant_2.7_mt_2024_4516578803,
https://www.avito.ru/kazan/avtomobili/sollers_atlant_2.7_mt_2024_4548860213,
https://www.avito.ru/nizhniy_novgorod/avtomobili/citroen_jumpy_1.6_mt_2024_7241711390,
https://www.avito.ru/izhevsk/avtomobili/gaz_sobol_2752_2.7_mt_2025_7273032452,
https://www.avito.ru/nizhniy_novgorod/avtomobili/volkswagen_transporter_2.0_mt_2024_7211014904,
https://www.avito.ru/afonino/avtomobili/gaz_sobol_2752_2.7_mt_2024_4794614334,
https://www.avito.ru/pavlovskaya_sloboda/avtomobili/citroen_spacetourer_2.0_at_2024_5121494854,
https://www.avito.ru/moskva/avtomobili/volkswagen_transporter_2.0_amt_2024_20_km_4804053564,
https://www.avito.ru/nizhniy_novgorod/avtomobili/hyundai_staria_2.2_at_2024_7381163750,
https://www.avito.ru/naberezhnye_chelny/avtomobili/gaz_sobol_2752_2.7_mt_2025_4734384724,
https://www.avito.ru/omsk/avtomobili/maxus_g10_2.0_mt_2022_29_800_km_7365085609,
https://www.avito.ru/omsk/avtomobili/maxus_g10_2.0_mt_2021_45_000_km_7333094950,
https://www.avito.ru/moskva/avtomobili/mercedes-benz_g-klass_amg_4.0_at_2025_7379392309,
https://www.avito.ru/moskva/avtomobili/mercedes-benz_g-klass_amg_4.0_at_2025_7385990439,
https://www.avito.ru/moskva/avtomobili/mercedes-benz_g-klass_amg_4.0_at_2024_7379611507,
https://www.avito.ru/moskva/avtomobili/mercedes-benz_g-klass_amg_4.0_at_2024_7379839572,
https://www.avito.ru/moskva/avtomobili/mercedes-benz_g-klass_amg_4.0_at_2024_7379998871,
https://www.avito.ru/moskva/avtomobili/mercedes-benz_g-klass_amg_4.0_at_2025_7365682747,
https://www.avito.ru/moskva/avtomobili/mercedes-benz_g-klass_amg_4.0_at_2025_7360808531,
https://www.avito.ru/moskva/avtomobili/mercedes-benz_g-klass_amg_4.0_at_2024_7205401832,
https://www.avito.ru/ufa/gruzoviki_i_spetstehnika/refrizherator_jac_n56_2023_4825663731,
https://www.avito.ru/belovo/gruzoviki_i_spetstehnika/bortovoy_gruzovik_jac_n56_2017_4598934479,
https://www.avito.ru/krasnodar/gruzoviki_i_spetstehnika/refrizherator_jac_n56_2021_7348798496,
https://www.avito.ru/belgorod/gruzoviki_i_spetstehnika/jac_n56_izotermicheskiy_2019_7356734238,
https://www.avito.ru/yaroslavl/gruzoviki_i_spetstehnika/izotermicheskiy_furgon_jac_n56_2015_4107560247,
https://www.avito.ru/chelyabinsk/gruzoviki_i_spetstehnika/jac_n56_izotermicheskiy_2017_3990303501,
https://www.avito.ru/korkino/gruzoviki_i_spetstehnika/tentovannyy_gruzovik_jac_n56_2023_3263457586,
https://www.avito.ru/asha/gruzoviki_i_spetstehnika/jac_n56_refrizherator_2017_7370792304,
https://www.avito.ru/moskovskaya_oblast_oktyabrskiy/gruzoviki_i_spetstehnika/refrizherator_jac_n56_2017_4760151954,
https://www.avito.ru/shatura/gruzoviki_i_spetstehnika/tentovannyy_gruzovik_jac_n56_2022_7225580824,
https://www.avito.ru/sankt-peterburg/gruzoviki_i_spetstehnika/dongfeng_k33_tselnometallicheskiy_2024_4305771995,
https://www.avito.ru/sankt-peterburg/gruzoviki_i_spetstehnika/dongfeng_k33_tselnometallicheskiy_2024_4407778368,
https://www.avito.ru/sankt-peterburg/gruzoviki_i_spetstehnika/dongfeng_k32_tselnometallicheskiy_2024_4306007668,
https://www.avito.ru/sergiev_posad/gruzoviki_i_spetstehnika/tentovannyy_gruzovik_kamaz_kompas_5_2024_7224447708,
https://www.avito.ru/kaluga/gruzoviki_i_spetstehnika/faw_ca_1010_bortovoy_2008_7357747878,
https://www.avito.ru/brinkovskaya/gruzoviki_i_spetstehnika/kuzov_amkar_dlya_faw_3788318840,
https://www.avito.ru/volgograd/gruzoviki_i_spetstehnika/samosval_faw_j6_ca3310p66k24t4e5_2023_7373283182,
https://www.avito.ru/voyskovitsy/gruzoviki_i_spetstehnika/samosval_faw_j6_ca3310p66k24t4e5_2018_7198214943,
https://www.avito.ru/himki/gruzoviki_i_spetstehnika/samosval_faw_j6_2023_7388629235,
https://www.avito.ru/samara/gruzoviki_i_spetstehnika/bortovoy_gruzovik_faw_10xx11xx_2008_4370222285,
https://www.avito.ru/moskva/gruzoviki_i_spetstehnika/foton_toano_tselnometallicheskiy_2024_7344038448,
https://www.avito.ru/moskva/gruzoviki_i_spetstehnika/foton_toano_tselnometallicheskiy_2024_7325191705,
https://www.avito.ru/kaliningrad/gruzoviki_i_spetstehnika/foton_toano_tselnometallicheskiy_2024_4443261727,
https://www.avito.ru/moskva/gruzoviki_i_spetstehnika/foton_toano_tselnometallicheskiy_2024_7214331987,
https://www.avito.ru/moskva/gruzoviki_i_spetstehnika/foton_toano_tselnometallicheskiy_2024_4436567999,
https://www.avito.ru/kazan/gruzoviki_i_spetstehnika/foton_toano_tselnometallicheskiy_2024_4658143193,
https://www.avito.ru/sverdlovskaya_oblast_berezovskiy/gruzoviki_i_spetstehnika/foton_toano_tselnometallicheskiy_2024_4112334490,
https://www.avito.ru/nizhniy_novgorod/gruzoviki_i_spetstehnika/foton_toano_tselnometallicheskiy_2024_7347446356,
https://www.avito.ru/kazan/gruzoviki_i_spetstehnika/foton_toano_tselnometallicheskiy_2024_3945368113,
https://www.avito.ru/kirovskaya_oblast_kirov/gruzoviki_i_spetstehnika/promtovarnyy_furgon_foton_toano_2024_4024708852,
https://www.avito.ru/ramenskoe/gruzoviki_i_spetstehnika/refrizherator_jac_n90_2023_4279023469,
https://www.avito.ru/kaliningrad/gruzoviki_i_spetstehnika/izotermicheskiy_furgon_jac_n90_2024_4601530313,
https://www.avito.ru/nizhniy_novgorod/gruzoviki_i_spetstehnika/refrizherator_jac_n90_7246307786,
https://www.avito.ru/krasnodar/gruzoviki_i_spetstehnika/bortovoy_gruzovik_jac_n90_s_kmu_kanglim_2023_4451339024,
https://www.avito.ru/tver/gruzoviki_i_spetstehnika/refrizherator_jac_n90_2024_4225240717,
https://www.avito.ru/lyubertsy/gruzoviki_i_spetstehnika/izotermicheskiy_furgon_40_m_jac_n90_2018_7319857198,
https://www.avito.ru/naberezhnye_chelny/gruzoviki_i_spetstehnika/bortovoy_gruzovik_tfk_feniks_na_jac_n90_2024_4136740913,
https://www.avito.ru/novotitarovskaya/gruzoviki_i_spetstehnika/bortovoy_gruzovik_jac_n90_s_kmu_xcmg_2024_7350597867,
https://www.avito.ru/afipskiy/gruzoviki_i_spetstehnika/bortovoy_gruzovik_jac_n90_s_kmu_xcmg_2024_4398687456,
https://www.avito.ru/naberezhnye_chelny/gruzoviki_i_spetstehnika/izotermicheskiy_furgon_jac_n90_2022_7383240728,
https://www.avito.ru/omsk/gruzoviki_i_spetstehnika/tentovannyy_gruzovik_jac_n120_2021_2870161809,
https://www.avito.ru/stavropol/gruzoviki_i_spetstehnika/refrizherator_jac_n120_2024_7362698516,
https://www.avito.ru/kameshkovo/gruzoviki_i_spetstehnika/tentovannyy_gruzovik_jac_n120_2024_4502474819,
https://www.avito.ru/novosibirsk/gruzoviki_i_spetstehnika/refrizherator_jac_n120_2023_7372953564,
https://www.avito.ru/moskovskaya_oblast_troitsk/gruzoviki_i_spetstehnika/evakuator_jac_n120_2024_7269926227,
https://www.avito.ru/shygyrdan/gruzoviki_i_spetstehnika/bortovoy_gruzovik_jac_n120_2017_7280551168,
https://www.avito.ru/moskva/gruzoviki_i_spetstehnika/jac_n120_7369369514,
https://www.avito.ru/moskovskaya_oblast_troitsk/gruzoviki_i_spetstehnika/refrizherator_jac_n120_2022_7254727890,
https://www.avito.ru/vidnoe/gruzoviki_i_spetstehnika/evakuator_jac_n120_2021_7222301870,
https://www.avito.ru/kaluga/gruzoviki_i_spetstehnika/tentovannyy_gruzovik_jac_n120_2024_7325764518,
https://www.avito.ru/moskva/gruzoviki_i_spetstehnika/sitrak_c7h_2024_4535126386,
https://www.avito.ru/sankt-peterburg/gruzoviki_i_spetstehnika/sitrak_c7h_s_polupritsepom_2024_7388870386,
https://www.avito.ru/naberezhnye_chelny/gruzoviki_i_spetstehnika/sitrak_c7h_2023_7333257398,
https://www.avito.ru/ust-labinsk/gruzoviki_i_spetstehnika/sitrak_c7h_2023_7360061070,
https://www.avito.ru/ryazan/gruzoviki_i_spetstehnika/sitrak_c7h_max_2023_7270217824,
https://www.avito.ru/nevinnomyssk/gruzoviki_i_spetstehnika/sitrak_c7h_max_2023_3172023865,
https://www.avito.ru/ekaterinburg/gruzoviki_i_spetstehnika/sitrak_c7h_max_2023_4561447460,
https://www.avito.ru/tyumen/gruzoviki_i_spetstehnika/sitrak_c7h_max_2023_7332929077,
https://www.avito.ru/afipskiy/gruzoviki_i_spetstehnika/sitrak_c7h_max_2023_7282255134,
https://www.avito.ru/ekaterinburg/gruzoviki_i_spetstehnika/sitrak_c7h_2023_7383091568,
https://www.avito.ru/aldan/gruzoviki_i_spetstehnika/samosval_19_m_shacman_sx3258dr384_2021_4476595904,
https://www.avito.ru/surgut/gruzoviki_i_spetstehnika/samosval_shacman_sx3258dt385_2022_3738055901,
https://www.avito.ru/volgograd/gruzoviki_i_spetstehnika/samosval_19_m_shacman_sx3258dr384_2021_7261330605,
https://www.avito.ru/hanty_mansiyskiy_ao_solnechnyy/gruzoviki_i_spetstehnika/samosval_shacman_sx3258dt385_2022_3889983860,
https://www.avito.ru/ramon/gruzoviki_i_spetstehnika/samosval_shacman_sx3258dt384c_2022_4141623214,
https://www.avito.ru/ufa/gruzoviki_i_spetstehnika/samosval_19_m_shacman_sx3258dr384_2022_7337554753,
https://www.avito.ru/amurskaya_oblast_blagoveschensk/gruzoviki_i_spetstehnika/samosval_shacman_sx32586t385_2022_3675332717,
https://www.avito.ru/yablonovskiy/gruzoviki_i_spetstehnika/samosval_shacman_sx3258_2021_4733496055,
https://www.avito.ru/magnitogorsk/gruzoviki_i_spetstehnika/samosval_shacman_sx3258dr384_2020_7279248316,
https://www.avito.ru/velikie_luki/gruzoviki_i_spetstehnika/lomovoz_30_m_velmash-s_na_shacman_x3000_s_kmu_velmash-s_2024_4073208421,
https://www.avito.ru/chulman/gruzoviki_i_spetstehnika/samosval_shacman_sx3318dt366_2021_4644816065,
https://www.avito.ru/sankt-peterburg/gruzoviki_i_spetstehnika/samosval_25_m_shacman_sx3318_2022_4158383034,
https://www.avito.ru/almetevsk/gruzoviki_i_spetstehnika/samosval_25_m_shacman_sx3318_2019_4029167452,
https://www.avito.ru/chulman/gruzoviki_i_spetstehnika/samosval_shacman_sx3318dt366_2021_4644551271,
https://www.avito.ru/krasnodar/gruzoviki_i_spetstehnika/samosval_shacman_sx3318dt366_2021_3560784808,
https://www.avito.ru/amurskaya_oblast_blagoveschensk/gruzoviki_i_spetstehnika/samosval_shacman_sx3318dt366_2018_4125797538,
https://www.avito.ru/kaluga/gruzoviki_i_spetstehnika/samosval_shacman_sx3318dt366_2018_4604998392,
https://www.avito.ru/sankt-peterburg/gruzoviki_i_spetstehnika/samosval_shacman_sx3318_2024_7325467750,
https://www.avito.ru/kirovgrad/gruzoviki_i_spetstehnika/samosval_shacman_sx3318dt366_2021_3814657666,
https://www.avito.ru/moskva/gruzoviki_i_spetstehnika/samosval_35_m_shacman_sx33186t366_2021_4095897669,
https://www.avito.ru/saratov/gruzoviki_i_spetstehnika/samosval_20_m_jac_n350_2022_7332079623,
https://www.avito.ru/staryy_oskol/gruzoviki_i_spetstehnika/samosval_jac_n350_2023_4640993211,
https://www.avito.ru/vidnoe/gruzoviki_i_spetstehnika/samosval_jac_n350_2022_7222099658,
https://www.avito.ru/surgut/gruzoviki_i_spetstehnika/samosval_jac_n350_2021_4480035095,
https://www.avito.ru/afipskiy/gruzoviki_i_spetstehnika/samosval_20_m_jac_n350_2021_7314165654,
https://www.avito.ru/staryy_oskol/gruzoviki_i_spetstehnika/samosval_jac_n350_2023_7310334793,
https://www.avito.ru/lyubertsy/gruzoviki_i_spetstehnika/samosval_jac_n350_2023_7356558717,
https://www.avito.ru/voronezh/gruzoviki_i_spetstehnika/lomovoz_jac_7306697581,
https://www.avito.ru/ekaterinburg/gruzoviki_i_spetstehnika/samosval_jac_n350_2022_7304536539,
https://www.avito.ru/kursk/gruzoviki_i_spetstehnika/samosval_jac_n350_2011_3934331475,
https://www.avito.ru/novosibirsk/gruzoviki_i_spetstehnika/samosval_20_m_howo_zz3327n3247_2013_4686168481,
https://www.avito.ru/ufa/gruzoviki_i_spetstehnika/samosval_18_m_howo_zz3327n3247_2007_4913456760,
https://www.avito.ru/novosibirsk/gruzoviki_i_spetstehnika/samosval_howo_zz3327n3847e_2020_7382664834,
https://www.avito.ru/nizhnekamsk/gruzoviki_i_spetstehnika/samosval_howo_zz3327n3847e_2017_4200512500,
https://www.avito.ru/sankt-peterburg_kolpino/gruzoviki_i_spetstehnika/samosval_howo_zz3327n3647c_2011_7350987783,
https://www.avito.ru/kurganinsk/gruzoviki_i_spetstehnika/samosval_howo_zz3327n3647w_2007_4728150667,
https://www.avito.ru/ufa/gruzoviki_i_spetstehnika/samosval_howo_zz3327_2007_7305186446,
https://www.avito.ru/gubkin/gruzoviki_i_spetstehnika/samosval_howo_zz3327_2011_4579448917,
https://www.avito.ru/tyumen/gruzoviki_i_spetstehnika/bortovoy_gruzovik_howo_zz3327s3847e_2019_4124683882,
https://www.avito.ru/lytkarino/gruzoviki_i_spetstehnika/samosval_howo_zz3327n3647c_2008_7331749195,
https://www.avito.ru/moskva/gruzoviki_i_spetstehnika/samosval_35_m_howo_zz3407s3867e_2022_7293707602,
https://www.avito.ru/smolensk/gruzoviki_i_spetstehnika/samosval_howo_zz3407s3267c_2007_2893437300,
https://www.avito.ru/ufa/gruzoviki_i_spetstehnika/samosval_howo_zz3407s3867e_2022_5009516005,
https://www.avito.ru/tambov/gruzoviki_i_spetstehnika/samosval_howo_zz3407s3867e_2022_7264516987,
https://www.avito.ru/efremov/gruzoviki_i_spetstehnika/samosval_howo_zz3407n3267w_2007_4357291513,
https://www.avito.ru/ishimbay/gruzoviki_i_spetstehnika/samosval_howo_zz3407n3267w_2012_7353498427,
https://www.avito.ru/krasnodar/gruzoviki_i_spetstehnika/samosval_35_m_howo_zz3407s3867e_2021_7319425498,
https://www.avito.ru/vologda/gruzoviki_i_spetstehnika/samosval_howo_zz3407s3067c_2012_4249384551,
https://www.avito.ru/samara/gruzoviki_i_spetstehnika/samosval_howo_zz3407s3867e_2021_4604841109,
https://www.avito.ru/tuymazy/gruzoviki_i_spetstehnika/samosval_howo_zz3407s3867e_2020_4632742661,
https://www.avito.ru/penza/gruzoviki_i_spetstehnika/bortovoy_gruzovik_faw_ca_3250_s_kmu_dongyang_2023_4632701574,
https://www.avito.ru/lipetsk/gruzoviki_i_spetstehnika/samosval_19_m_faw_j6p_ca3250_2022_4865565507,
https://www.avito.ru/moskva/gruzoviki_i_spetstehnika/zernovoz_30_m_tk_lift_na_faw_j6p_ca3250_2024_7303706529,
https://www.avito.ru/vladivostok/gruzoviki_i_spetstehnika/samosval_faw_ca_3250_2022_7384875666,
https://www.avito.ru/moskovskaya_oblast_moskovskiy/gruzoviki_i_spetstehnika/samosval_faw_ca3250p66k2t1e4_2016_3802630209,
https://www.avito.ru/podgorodnyaya_pokrovka/gruzoviki_i_spetstehnika/bortovoy_gruzovik_faw_ca_3250_s_kmu_horyong_2023_5057972430,
https://www.avito.ru/saransk/gruzoviki_i_spetstehnika/samosval_22_m_faw_j6p_ca3250_2019_4142634064,
https://www.avito.ru/krasnodar/gruzoviki_i_spetstehnika/samosval_19_m_faw_j6_ca3250p66k24t1e5_2022_4571208639,
https://www.avito.ru/sankt-peterburg/gruzoviki_i_spetstehnika/samosval_19_m_faw_j6p_ca3250_2018_4609773687,
https://www.avito.ru/krasnoyarsk/gruzoviki_i_spetstehnika/samosval_faw_j6_ca3250_2012_3903032125,
https://www.avito.ru/sosnogorsk/gruzoviki_i_spetstehnika/ldv_maxus_tselnometallicheskiy_2008_4551239800,
https://www.avito.ru/moskva/gruzoviki_i_spetstehnika/iveco_daily_tselnometallicheskiy_2024_4160635092,
https://www.avito.ru/himki/gruzoviki_i_spetstehnika/iveco_daily_tselnometallicheskiy_2024_4802437300,
https://www.avito.ru/mozhaysk/gruzoviki_i_spetstehnika/iveco_daily_tselnometallicheskiy_2002_7344361642,
https://www.avito.ru/moskva/gruzoviki_i_spetstehnika/iveko_deyli_7326027530,
https://www.avito.ru/sankt-peterburg/gruzoviki_i_spetstehnika/mezhdugorodniy_prigorodnyy_avtobus_iveco_daily_2012_7261861683,
https://www.avito.ru/sankt-peterburg/gruzoviki_i_spetstehnika/dongfeng_k33_mikroavtobus_2025_4237710919,
https://www.avito.ru/tuapse/gruzoviki_i_spetstehnika/mezhdugorodniy_prigorodnyy_avtobus_iveco_daily_2002_4233224427,
https://www.avito.ru/korolev/gruzoviki_i_spetstehnika/iveko_deyli_7382039462,
https://www.avito.ru/sankt-peterburg/gruzoviki_i_spetstehnika/dongfeng_k33_mikroavtobus_2024_4014040873,
https://www.avito.ru/moskva/gruzoviki_i_spetstehnika/saic_maxus_v90_tselnometallicheskiy_2024_7333438168,
https://www.avito.ru/krasnodar/gruzoviki_i_spetstehnika/avior_v90_tselnometallicheskiy_2024_7255307231,
https://www.avito.ru/moskva/gruzoviki_i_spetstehnika/fiat_scudo_tselnometallicheskiy_2024_7335223417,
https://www.avito.ru/sankt-peterburg/gruzoviki_i_spetstehnika/iveco_daily_tselnometallicheskiy_2007_1943779589,
https://www.avito.ru/sankt-peterburg/gruzoviki_i_spetstehnika/iveco_daily_izotermicheskiy_2000_4494723475,
https://www.avito.ru/nizhniy_novgorod/gruzoviki_i_spetstehnika/dongfeng_k33_mikroavtobus_2024_4595011048,
https://www.avito.ru/kaluga/gruzoviki_i_spetstehnika/iveco_daily_tentovannyy_2019_4587778815,
https://www.avito.ru/leskolovo/gruzoviki_i_spetstehnika/nisan_kabstar_7221545256,
https://www.avito.ru/sankt-peterburg/gruzoviki_i_spetstehnika/nissan_atlas_izotermicheskiy_1993_3963985518,
https://www.avito.ru/saratov/gruzoviki_i_spetstehnika/iveko_deyli_7275121303,
